15.9456276,0.866677505,24.483,24.99632154,30.232,1.524612395
23.64634966,0.891061792,24.384,18.94971672,29.808,1.541080469
28.1249964,0.893716831,25.009,21.98592594,29.146,1.684283235
3.4366626,0.893064905,24.567,12.059829,30.229,0.977276509
21.2156275,0.884671491,25.056,22.8459321,30.794,1.04397598
18.91708326,0.884577218,25.266,20.99508345,30.518,1.003563477
21.54007224,0.834475855,25.468,21.22858368,33.001,1.186337313
8.787345278,0.839492829,24.627,26.22824496,31.344,1.886031757
23.41460952,0.848039807,24.543,26.12700018,30.932,1.881442233
15.0135012,0.849037906,24.592,26.5491576,32.309,0.905950053
18.45875052,0.815513927,25.949,23.04788076,32.001,0.926274276
9.39502296,0.815986293,24.806,24.9286419,32.368,1.068695808
7.97710356,0.833649708,24.485,24.69886956,30.671,1.700203808
14.52083256,0.874082999,24.072,24.98338296,30.007,1.608411007
1.76811233,0.837960814,24.175,21.3969402,31.134,1.651864864
9.31262184,0.834792432,24.314,23.9807223,32.458,1.070157964
11.55795991,0.833254955,24.152,25.57304496,34.081,1.031596224
30.93509268,0.873257803,24.298,26.45938458,31.29,1.272835697
10.35118476,0.904996279,24.273,15.20708112,28.257,2.119397832
23.49701208,0.930362669,24.369,13.69063431,27.961,2.60358174
22.1340132,0.935562036,24.04,8.799747588,27.107,2.678319983
48.78614736,0.959897383,23.711,1.85979393,25.248,2.640084642
28.2245652,0.957900953,23.511,4.17774474,25.436,2.167591454
14.17665557,0.943059002,23.65,10.57016387,27.272,2.300841516
17.1335211,0.941667753,23.895,14.7515661,28.019,2.227860848
22.34601855,0.93975106,24.301,21.37623732,28.158,2.716519676
17.25368137,0.930919981,24.549,17.92091178,28.864,2.577245957
11.87037972,0.91661955,24.367,22.1528871,29.089,2.462615863
17.53006815,0.923362608,24.24,21.02815971,28.745,2.547467092
14.87445934,0.934590717,24.445,15.19599737,27.939,2.605157533
12.36476509,0.70647033,25.151,26.87591574,33.626,0.841790955
1.725198084,0.73272396,24.991,15.13749953,33.153,1.319663252
0.094413773,0.696125492,24.168,16.79168995,33.025,1.675632816
8.491225788,0.747781978,25.926,22.3599348,31.584,1.319442609
0.343322813,0.655678117,25.731,18.01772514,38.437,0.998047963
22.18037129,0.753502625,25.286,26.67734874,35.039,1.201697991
21.20018256,0.883253804,25.134,5.5081656,28.318,1.568407934
23.86264176,0.863343731,25.19,16.72267266,30.087,1.336065859
30.3085409,0.904820931,24.542,16.73831088,29.761,1.233087387
22.41124812,0.898256784,24.311,17.28050256,29.387,1.810262054
20.90321316,0.885362972,23.764,20.16494298,29.078,1.403099423
7.02781812,0.876921151,24.51,17.1306009,31.125,0.945907428
13.40675175,0.865672845,25.168,21.58053876,31.836,0.840049778
18.6527214,0.826503388,25.116,24.45164928,33.458,0.874403316
19.0904562,0.835721693,24.623,20.7729027,33.221,0.97539518
11.67125739,0.867122713,24.906,19.57629193,29.927,1.640293334
7.861234392,0.813085613,24.2,19.84544775,31.169,1.716662908
21.29459184,0.919358356,23.52,6.03551664,27.385,1.970528233
21.82674071,0.921913205,22.887,16.302942,27.871,1.195478407
11.73820525,0.888986546,23.377,16.58385,30.319,1.558691149
13.80500423,0.919135297,23.883,18.33738912,28.555,1.251412444
15.84263024,0.897237316,23.552,16.0927884,30.013,1.219859777
47.74503384,0.947521624,24.291,3.31790616,25.952,1.107154276
18.17550781,0.928027842,24.113,14.5151433,28.784,1.194652284
14.87617045,0.937553817,24.124,9.650082132,27.618,2.116635302
24.59649672,0.941935979,23.859,13.76747327,27.301,2.479499356
19.92988721,0.939651024,23.538,17.0376651,27.333,2.569533474
20.91350925,0.938428193,23.51,10.79213364,27.312,2.283497422
21.5417844,0.93797083,23.501,10.4323473,27.499,1.507904123
11.53650312,0.934359041,23.635,14.86743804,27.936,0.929283414
3.936193819,0.702530605,26.299,14.6589239,35.653,1.885361198
15.25040028,0.77205411,24.672,26.13887453,32.378,1.614547471
13.81530542,0.782242715,24.881,19.86766603,33.602,1.6766503
9.14268276,0.744385638,24.964,22.5228348,32.812,2.707726563
11.37772242,0.736720552,24.188,21.62137795,32.816,2.462664033
16.51382315,0.800288639,24.572,19.24661342,32.241,2.26946737
19.47327552,0.87824449,24.557,12.8711286,28.302,1.880743151
15.88211585,0.859612221,24.158,10.34487988,30.319,2.305810404
9.54437796,0.833306037,23.899,17.52468523,30.547,2.83655125
6.0802461,0.861054582,24.093,15.89439051,29.58,3.240949873
13.67798152,0.91495861,23.875,13.3467255,27.622,3.022457957
9.757230192,0.910770995,23.754,10.82947626,27.997,3.179187994
11.8686695,0.879457197,23.54,18.89831106,29.418,2.810307715
19.10591039,0.908397596,23.647,23.508846,29.018,2.414182726
24.65744612,0.922535763,23.803,15.3703125,28.276,2.400159309
18.95656149,0.916383471,23.053,19.68811308,28.2,2.229355034
12.63084163,0.921207629,24.053,13.50488664,27.854,2.054529138
37.98866772,0.951555851,23.76,2.0104317,25.528,2.089353761
7.807159944,0.93186283,23.386,14.3451522,27.559,2.257467201
21.83189139,0.934522128,23.858,16.52208887,27.828,2.732900451
8.06979888,0.924387472,23.322,15.49034658,28.41,2.03386183
18.5119696,0.933692632,23.533,17.69523534,28.164,1.996301201
2.911375728,0.877925968,23.094,22.97677374,30.458,1.428602325
2.2899636,0.834372953,23.894,26.30514843,30.643,1.482691569
1.814460624,0.790998588,23.42,27.11959389,32.598,0.984552004
3.10020408,0.79946034,22.467,27.37473786,31.829,1.094144568
0.116729597,0.765539758,22.522,27.13663332,32.37,1.278286352
1.78356168,0.799419262,23.448,22.00184462,31.187,1.486879917
12.63427685,0.871474941,23.599,27.0168759,29.25,1.861325631
6.425284198,0.877819525,23.107,24.46858442,30.347,1.810623318
19.96936056,0.703806586,25.611,25.60719305,33.978,2.207738101
20.88774858,0.70419005,26.411,25.22525211,36.073,2.029758072
21.1607008,0.732739457,26.799,24.57922862,34.185,1.586402986
5.695724304,0.67787405,26.075,10.68834366,37.601,1.201610638
29.62016676,0.748405689,25.727,20.83590306,33.669,1.322636556
21.37698828,0.742306835,25.583,17.56485432,33.283,1.433956236
30.59263548,0.7283073,25.482,14.70200139,35.136,1.68962325
23.29444584,0.866029227,24.944,6.07815306,28.006,1.257776444
11.05928316,0.787399977,24.283,10.81636533,36.324,1.313422553
89.22619548,0.929288231,23.785,1.039218372,25.273,2.294023744
21.06628524,0.770920687,22.119,15.14800924,32.127,3.038473683
24.62911801,0.783892029,21.796,14.86563379,31.855,0.975927341
46.412109,0.842571004,24.318,10.10621664,29.258,1.602630773
50.32592496,0.912606174,23.469,3.584818638,25.975,2.295222593
2.5491708,0.713392908,22.844,13.2701094,31.124,2.660756709
11.38115412,0.769516702,23.717,14.55024051,32.722,1.925049829
12.11757588,0.768262069,24.459,16.32234287,33.922,1.940612213
15.12852588,0.776240701,24.229,14.73615207,33.842,1.726912011
31.84661556,0.837721468,24.269,18.97925906,30.132,1.959605933
14.5276974,0.81453168,23.274,19.93359312,30.386,2.122804464
15.23495079,0.766494678,23.647,14.00990751,32.967,1.896998574
13.90113731,0.749104572,24.287,20.06550126,31.336,3.490013161
4.349039861,0.779616339,24.138,6.207804252,29.852,2.918024876
3.889847952,0.687044931,23.501,8.9805933,36.52,3.345261951
14.21699157,0.679835963,25.3,15.35545973,32.986,3.907466968
8.404542576,0.770107018,24.523,14.8857741,30.751,3.049923692
15.21520488,0.853843384,23.631,5.326989498,27.753,3.038114622
10.47306123,0.841278023,23.273,6.02258031,27.418,3.025548769
0.442886501,0.679056875,23.445,14.10665443,34.107,3.370641017
6.06307968,0.678861642,24.522,9.4798143,35.977,2.848685486
3.09676896,0.64366757,24.837,25.79861646,37.268,1.745117364
9.89456202,0.709974681,26.169,16.39158424,35.394,1.345088939
26.861571,0.779183839,24.687,24.78931747,33.993,1.220181928
12.49179833,0.779880098,25.077,22.5018027,33.112,2.111453535
29.33349876,0.848056302,24.533,18.76224269,30.466,2.253642274
30.54542643,0.809545491,24.642,23.90832756,32.047,2.456798778
22.7760318,0.865754119,24.926,9.369116532,29.427,1.754332566
11.77253928,0.911782312,24.507,10.74786275,27.601,1.627344508
9.3692772,0.921098716,24.141,6.31417815,26.85,1.447171059
22.65587316,0.915771657,23.894,13.93464647,28.569,1.198819686
1.58271768,0.854457085,23.555,11.69617723,29.727,1.491325738
0.497817936,0.738823292,23.499,27.2297817,33.365,2.336699968
0,0.671041585,25.247,27.20620386,34.63,2.58984733
9.7847028,0.718669002,24.627,25.93945044,34.999,1.7328115
4.95071964,0.713527696,25.266,27.27219024,35.184,1.349470185
4.823687664,0.718652939,24.563,27.2228634,35.906,1.248729905
3.31135007,0.691958547,24.15,15.99390396,36.427,1.508254035
5.00049648,0.707868642,23.614,15.60560886,36.023,1.8790539
17.76694968,0.790034218,25.08,19.07302626,33.006,1.793652607
33.57696725,0.842802817,24.518,24.40670382,30.896,2.247161905
18.54630792,0.83816943,24.599,18.0465129,31.628,1.785738601
8.020023386,0.83675246,24.786,15.36895811,31.28,2.2464582
4.367065284,0.838013793,23.477,15.54187923,29.716,2.484304473
14.340591,0.906521499,23.804,12.2064165,27.494,2.974992945
12.46261608,0.896802704,23.513,14.42041697,28.865,3.626446359
10.4576112,0.940115519,23.353,5.10226812,25.777,2.898603921
27.85378212,0.922424796,23.641,17.75576925,27.573,2.838538193
30.65185683,0.931239377,23.46,15.82813107,28.307,1.81658032
2.298545906,0.878139476,23.926,18.13763819,30.519,1.475661402
5.170437864,0.843782395,23.167,23.59051877,31.008,1.506061389
26.46332086,0.778143742,24.975,18.65643651,34.501,1.605893155
19.15054164,0.814754153,24.265,25.15421214,31.6,1.76843788
22.5975091,0.794585726,24.183,24.89703516,32.016,1.667967433
2.890780956,0.695988395,24.341,12.21074777,38.355,1.299530656
36.79047756,0.863011851,23.728,5.16622914,26.575,1.274895523
3.034974953,0.775500245,23.547,8.59533759,29.918,1.421061632
11.84120212,0.791906094,24.596,9.01434564,30.21,1.618755993
21.22421625,0.856199641,23.466,19.61380746,30.255,1.868365591
36.20853288,0.86276291,24.403,18.34109462,30.701,2.173406876
44.16159708,0.882397293,24.172,14.15154733,29.891,2.051577821
14.76974655,0.831628248,23.839,23.15812457,33.997,1.575352007
52.27087212,0.845416526,24.506,21.95442585,31.414,1.368199982
15.77396016,0.837983452,23.557,22.4368299,32.257,1.222614689
20.61996912,0.848255857,23.681,24.56363916,30.603,1.785237255
12.22571808,0.824005094,23.591,25.89091596,31.434,2.784225724
14.7388392,0.799482707,23.696,23.0930973,30.77,3.370085636
6.87675096,0.761149241,24.135,16.93906524,31.371,3.421223359
10.74256776,0.706897305,23.822,24.07764339,32.945,3.551424478
2.622988044,0.688756322,24.216,18.6796152,34.258,3.878182838
19.2827223,0.854847884,24.045,12.7865799,28.002,3.2059523
22.78289556,0.913676902,23.858,6.045637572,26.952,3.269630337
18.29738484,0.893115718,23.487,13.18584168,27.886,2.832846413
8.53156908,0.885539971,23.348,11.73442903,28.066,2.242402347
5.93777016,0.808542219,23.588,17.5362111,29.768,3.616353158
18.85872179,0.813069899,24.016,20.65702723,30.451,3.723020931
8.17451586,0.869060767,23.216,10.9754937,27.37,3.187003365
16.42456294,0.926163225,23.425,11.60516115,26.311,3.161325213
18.99261709,0.907356344,23.169,16.95662325,28.492,2.298629318
18.56003112,0.905264343,23.27,14.8362723,27.35,3.272898539
24.01371637,0.901874136,23.35,20.98029148,28.544,2.461946069
11.63520295,0.695874284,23.967,14.96892096,38.294,1.393508374
19.85520843,0.735723924,24.794,21.40683642,36.102,2.025191168
16.32328344,0.748571195,25.496,19.133721,34.793,1.564408092
21.61732536,0.804256864,25.046,19.67203033,31.971,1.971619716
9.752084208,0.812893681,24.129,19.97471304,30.766,1.880940091
7.252695648,0.769234973,23.255,21.38850101,34.281,1.96716254
14.96372292,0.794054476,23.907,21.90858379,32.633,2.079283745
17.4390776,0.814834674,24.253,25.3702791,31.32,2.470732942
13.70716452,0.771846406,24.511,20.73280007,32.699,2.92490219
17.72060436,0.830606017,23.62,21.06163649,29.52,2.706031438
14.91566195,0.828861562,23.72,20.89535472,31.117,2.031835472
8.4114036,0.834632981,24.16,14.11931151,29.054,2.545951574
11.93733612,0.831180914,24.291,12.5017848,28.717,3.280346909
21.26112012,0.870787092,23.721,20.7311022,28.452,2.984489525
8.496378806,0.832182452,23.024,18.67415823,30.958,2.888804697
5.399610948,0.83292732,23.105,14.39746695,28.892,3.22100984
16.88804513,0.834497397,23.168,16.20635724,30.572,2.944566438
11.30903993,0.929719162,23.44,7.794054018,25.431,3.440750833
11.4618294,0.905469989,23.294,9.52155225,28.002,4.089953857
19.3840056,0.928788524,23.036,12.56546736,26.28,3.258133059
5.065727429,0.880520257,21.934,18.79903188,28.572,2.657278967
15.54222928,0.916316652,22.859,8.993808792,26.755,2.361275113
17.34208776,0.925150913,22.97,5.755445568,25.955,1.489903543
7.84321164,0.881141577,22.197,15.37430798,29.046,1.865384373
5.304337128,0.831057121,21.392,24.11083215,30.976,2.148553929
9.08089056,0.834037144,22.887,21.9169701,30.148,2.739480625
5.4141966,0.787891524,22.96,25.10229204,31.551,2.855168642
6.8321232,0.758248078,22.82,24.57455778,31.632,3.387294237
0.8960724,0.719423886,22.48,23.50226475,31.913,3.748360304
0,0.644145764,22.936,27.60710904,34.25,3.236479107
20.53757268,0.74408865,25.027,26.1244116,31.78,2.766388385
21.40617146,0.822341512,23.839,26.25491621,30.96,2.520651564
11.1820158,0.765881411,23.634,24.42167343,34.541,2.871919122
15.26756371,0.795597058,23.713,16.45020495,32.113,2.4079282
41.71371372,0.82130072,24.639,25.54357005,30.938,2.04211265
19.12135608,0.860301838,24.203,26.86263642,29.871,1.842147012
16.73012124,0.848567192,23.866,25.29636066,30.799,1.430558109
15.96622752,0.816994225,24.512,21.1395411,33.194,1.060358311
7.340243616,0.819675278,24.432,10.88048934,32.919,1.110878473
16.77474558,0.848334762,24.477,19.06031124,30.7,1.545994418
8.280943092,0.831358245,24.098,18.51171163,31.081,1.853855483
11.78627004,0.803591487,23.149,17.63319636,30.426,1.621530706
9.15984828,0.799483575,23.871,20.34950886,31.672,1.305952151
4.943851272,0.718954098,23.789,26.77191246,33.252,1.634739087
2.34832896,0.69080329,23.814,23.14991475,33.641,1.26603821
0.59394852,0.659995388,24.043,15.44191695,36.568,1.542459476
18.83297254,0.775598227,24.155,23.92750692,32.811,1.838737958
24.04288988,0.851913727,24.008,19.49129766,30.8,1.964266286
16.70608217,0.880976794,24.472,12.43552403,28.775,2.076464343
9.38987892,0.800413236,23.689,15.86582136,32.159,1.961144786
5.58243324,0.820990816,24.43,10.72344211,29.951,1.570771217
9.44823888,0.821342703,22.879,20.49108354,30.54,2.792674939
14.74056036,0.899012554,24.143,9.03791682,27.432,2.524972115
5.47943328,0.903814169,23.747,6.629008572,26.208,2.931203552
12.29095481,0.910848948,23.387,13.82051185,28.789,1.748174852
11.15112012,0.905749777,23.236,19.79325677,29.087,1.63451196
14.05220031,0.889285275,23.513,22.4334531,29.324,1.778945575
13.5646817,0.892207768,24.105,19.8968013,29.43,1.815006402
0.288391212,0.85207305,24.338,19.28873565,31.356,1.735557562
8.826829632,0.844398266,24.396,23.7460491,31.689,2.035642625
4.72755528,0.618369641,24.995,26.00661816,36.6,2.526390479
16.9807428,0.673708673,26.488,23.92441884,33.439,1.75367567
18.0484776,0.733262452,25.165,25.32915187,33.727,2.366457669
12.10213188,0.729945788,25.556,23.16667781,33.342,2.510336718
1.98440496,0.675569737,24.914,20.01925879,35.974,2.072803188
6.681057984,0.694153948,25.448,17.14224726,35.781,2.30679269
0.51841746,0.635232472,24.883,14.45198355,38.874,1.53207439
3.405764225,0.629367093,24.986,15.10801783,37.922,2.026188452
17.23479926,0.747468395,24.876,26.62694993,35.134,1.225904635
25.34580144,0.789894515,26.065,15.07876605,32.309,1.296366637
7.522202851,0.839098204,25.354,12.73747196,32.141,1.290626196
31.5032994,0.867443575,25.053,21.13621866,30.254,1.956255494
18.34201728,0.814898486,23.977,24.78402486,31.846,2.570684552
23.93302923,0.810831314,24.484,24.10024887,31.776,3.022368027
24.53213655,0.857992595,24.404,16.67936466,29.819,3.128114422
24.18537636,0.917511242,24.58,3.89334204,27.152,1.438334735
32.52982788,0.905725148,23.951,10.62023087,28.276,1.966124107
11.56139136,0.9143645,24.077,8.211931938,27.384,2.631026081
16.15676828,0.908591498,23.672,9.52200234,27.636,2.278896651
5.28030396,0.877534297,24.009,12.26581551,29.011,2.652610292
16.79878008,0.906488848,23.682,10.98123561,28.362,1.242511602
10.96401663,0.822288993,23.281,24.13423143,33.609,1.372272372
19.90241388,0.857999357,24.047,17.97047037,31.565,1.583282433
18.5050987,0.852171338,25.144,20.95245268,32.427,2.156603508
30.34629468,0.920118801,22.994,1.14007437,25.648,1.58529725
13.14582485,0.889498477,22.894,16.9406462,29.157,1.593867041
32.85598788,0.903720177,24.007,25.25523417,28.976,2.12651465
23.37341724,0.893365384,23.298,25.48597131,29.568,2.197038735
13.25225369,0.868668686,23.641,22.422825,31.071,2.188289846
18.82094688,0.868400509,23.878,17.34396174,29.422,3.05653479
5.56182756,0.588150374,26.695,16.15168404,32.576,3.977997437
0.3742218,0.540410722,26.642,11.39895279,36.273,4.363745125
6.229590869,0.575230263,27.127,10.77418557,34.954,2.798713741
1.637649749,0.663230385,25.536,8.480194668,31.695,1.477225301
11.34853236,0.821940249,24.695,10.46142448,28.919,1.733508422
64.3043952,0.934489099,23.916,1.11178179,24.937,1.287978429
48.80161134,0.946447361,23.189,2.28414366,25.13,1.368344864
11.82146263,0.724081801,22.53,24.3874746,36.957,1.096304963
28.46317032,0.814819952,24.611,26.29670112,33.173,1.212726767
16.1464701,0.793004191,24.972,22.82068386,32.928,1.547494903
41.56608996,0.897301554,24.612,5.075665128,27.972,2.401671244
53.02617588,0.882980372,24.284,12.39204742,28.677,2.393159225
19.41489642,0.820323426,23.487,20.06617563,30.594,2.703195738
14.49852131,0.811086938,23.917,23.20481466,31.005,2.962006836
31.88438881,0.858215286,23.048,20.70927846,29.992,2.190247537
35.41888156,0.906277179,23.887,8.259355368,27.866,2.763905672
16.8073673,0.823740208,23.653,21.37072032,30.221,2.230810654
24.52526207,0.848345507,22.899,25.04908386,29.91,2.229409052
25.5242994,0.858500004,23.51,24.35034591,30.228,2.066117186
19.57798419,0.857398528,24.09,22.45538567,30.324,2.112312987
15.71044779,0.8478546,24.501,19.26219501,30.829,1.419995832
7.39517472,0.775411747,24.57,25.4361924,32.542,2.145981931
24.25059972,0.802850013,23.742,26.45308134,30.986,2.676585532
17.81673587,0.780879948,23.859,24.14885634,33.46,2.996997291
19.88010108,0.77887322,23.489,25.19156439,32.929,2.223885156
15.10276968,0.771989471,23.341,24.58299609,34.126,1.757931127
13.9740966,0.773752184,24.544,20.28009375,33.67,1.5281601
33.43620204,0.855501348,24.053,25.35412617,30.879,1.840164915
35.03265975,0.876125304,24.21,22.4308098,30.304,1.807085759
19.38228185,0.858722435,23.935,19.72102817,30.307,1.322550518
13.2007644,0.760177821,24.732,22.52047993,35.269,1.279584303
4.004858268,0.69563024,24.096,18.85173066,35.709,2.037612835
1.196479836,0.670557649,23.921,15.74595619,36.088,1.880817122
9.14783364,0.675930072,24.018,13.95444557,37.08,1.420269495
9.95979168,0.734261859,23.973,24.79511167,33.498,1.88616673
16.41940884,0.763910478,24.117,27.22387601,34.269,1.34040744
27.30102163,0.784305152,25.311,23.95451203,33.819,1.828293227
24.09610428,0.868975804,24.574,6.22586034,28.581,1.914890535
35.75446157,0.864224173,24.127,12.07974231,29.646,3.084102613
5.06916108,0.768984002,23.477,14.83942552,31.004,2.542422875
9.36241236,0.753950739,23.87,19.68395679,31.95,1.849107735
0.128746332,0.661673898,23.11,21.60224838,39.937,1.402219203
3.649520268,0.766697646,24.028,11.06325322,30.191,1.27395955
10.0250244,0.725568909,22.288,18.60367673,36.383,1.364976384
10.75115052,0.810783731,25.171,10.13231999,30.042,1.374955882
28.01513527,0.838930468,24.272,22.009221,30.511,1.81394984
13.01879583,0.801747332,23.863,23.9175027,31.429,1.614103604
8.458614878,0.72622648,23.798,12.81988035,32.187,1.770503271
1.9011528,0.648520928,24.158,23.998779,37.003,1.98416505
17.0854542,0.762909885,24.289,27.19406124,33.203,1.905500338
2.610968328,0.702924179,23.991,12.61457001,36.573,1.738951776
13.64880024,0.743459708,24.869,18.08831106,33.935,2.436042136
23.32706832,0.835027076,23.968,25.6034781,30.583,2.796537783
29.54291328,0.873328181,23.658,24.46728336,29.901,2.69655179
36.00940644,0.94020843,23.326,3.892049928,25.48,2.358455054
13.9800978,0.932142597,22.983,10.23248995,26.872,2.105596028
13.68140867,0.899673367,22.859,22.23832543,28.712,1.634478104
7.73678196,0.812254388,22.708,24.975117,33.657,1.132719892
4.370501088,0.842536893,23.937,16.60741686,31.046,1.290172321
8.31699432,0.870864888,24.161,25.15235778,29.215,1.642463705
18.68791536,0.818107252,25.638,7.395918372,29.713,1.916010865
15.80486148,0.741606185,24.506,24.30798257,33.929,2.051227373
34.88673852,0.836710388,25.382,19.49799285,32.087,1.043516437
11.36226689,0.791985267,25.101,17.02827594,32.981,1.296671955
18.47591856,0.802025535,25.71,17.79536023,33.32,0.92080549
14.5174048,0.820283092,25.456,16.03800088,33.044,0.830843492
26.69849208,0.827337636,25.287,24.8924835,31.017,1.247722446
6.8183892,0.82663807,24.968,16.26766425,30.676,1.764592842
39.43402092,0.855263847,24.917,25.9346241,30.439,2.553403504
32.31353484,0.822794725,24.13,25.42409863,33.199,2.485910721
27.80741772,0.887596238,24.748,15.15195227,28.939,2.495588059
25.13293852,0.894103147,24.335,16.27779276,28.639,2.055765227
5.437374912,0.807733485,24.107,8.151135372,29.298,3.150633579
1.0849014,0.625407331,25.097,17.94453451,34.15,3.901334176
33.07572007,0.875517914,23.562,3.544424532,26.462,4.076304692
34.261902,0.9189594,23.338,6.141490938,25.549,3.937403917
11.04126624,0.907213423,23.572,7.82578386,27.051,3.185082235
4.37049756,0.775109115,22.724,26.51838858,33.588,3.206808896
2.926825056,0.740642975,23.961,21.87472097,34.166,3.194979833
42.60032798,0.858038046,24.439,18.1661094,29.875,2.380692952
50.2607556,0.933810134,23.636,3.06433116,26.341,3.223114365
27.8434728,0.945893937,23.316,3.697201008,25.404,2.568354558
6.315427303,0.926550029,23.95,3.58852302,27.058,1.816454431
20.762442,0.904642713,23.726,15.55909146,28.959,2.361388601
35.40857976,0.921130463,24.443,17.54915177,28.659,2.232242385
20.62855224,0.908422718,24.304,22.1685732,29.105,2.222120798
38.12342401,0.911553972,23.929,23.6373228,28.845,2.141744449
10.85414764,0.880921357,23.201,20.08805256,29.209,2.222796239
7.035543216,0.782265256,23.119,25.06005108,31.786,2.33082326
16.4365812,0.828493292,22.956,25.32324456,30.081,2.404328436
2.564620625,0.64027843,26.453,13.89065778,35.932,2.217827517
0.854873676,0.631008852,24.952,19.31337965,36.919,3.395627409
1.270294632,0.584932101,26.94,11.45373354,37.867,1.741374702
8.16765048,0.662873929,25.521,14.96991726,39.87,1.486444057
28.3000968,0.777659563,25.342,21.10505526,32.079,1.628379406
7.079321844,0.816103195,25.03,16.37994978,30.84,1.821593423
31.37622728,0.877593867,24.743,15.95508156,29.588,1.755282561
9.486013212,0.875914244,24.066,9.76972266,28.664,1.903234015
19.55566404,0.918439092,24.635,4.206151818,27.971,1.173181459
6.26220684,0.876936012,24.597,10.02831352,29.154,1.98689446
7.30590516,0.882991951,23.9,9.4048281,28.723,1.553171839
23.9055674,0.916849242,22.175,2.434330962,24.334,2.111703018
0.061798111,0.777126027,21.788,17.05382224,31.204,2.047085946
2.241895968,0.777032124,22.268,6.67777284,30.091,1.184487338
14.416119,0.808822884,24.381,26.6708808,32.941,2.512123845
20.56502916,0.914298353,24.25,6.3542268,27.109,2.412383142
25.12607738,0.878056088,23.871,14.40219429,28.6,2.447229662
6.760024236,0.829395125,23.349,22.04769627,29.403,2.638971367
0.82740798,0.741716666,22.363,25.01426187,34.084,2.422431861
10.95886588,0.817075173,22.898,24.17574186,31.515,1.693601483
23.88839774,0.879612299,23.382,21.6855558,29.736,2.519497334
14.51568857,0.854780029,23.992,24.48529056,30.312,3.102781415
19.70844476,0.856785084,23.671,20.68239132,30.141,3.50531916
22.78635282,0.887253604,23.488,16.8357951,28.918,2.681322769
7.532504496,0.844051266,23.11,19.51413957,29.795,1.515700555
3.5774217,0.729476744,23.446,22.79615364,35.36,1.410474454
3.40232724,0.691653317,23.447,18.35144226,37.998,0.965809559
1.387024337,0.729766278,25.239,17.2808496,34.462,1.198759625
10.56060612,0.765792963,23.075,26.34058485,32.582,1.740280037
100,0.936981041,23.772,2.57821821,25.817,1.582131795
20.98045346,0.769860746,25.409,26.10815177,32.255,2.120945176
7.83462672,0.747972434,24.606,26.99105479,36.743,1.940861254
0.044631972,0.696990434,24.655,20.08057385,36.562,1.829933674
1.935481932,0.636337147,24.576,21.41724499,37.399,1.76880618
3.769681896,0.635691575,24.993,18.98341999,36.806,1.497762486
4.248621072,0.634775123,24.728,26.32725907,35.918,1.690942154
0.006866453,0.560832187,24.813,21.28944852,38.916,1.744339219
2.85987672,0.582366744,25.396,14.90979557,38.872,1.487213776
18.3257172,0.73672757,25.281,20.03766084,34.368,1.683208353
78.7196196,0.906641223,24.344,6.611116878,27.803,1.799487981
27.00918396,0.8664723,24.139,23.96801151,31.264,1.00056574
23.56053173,0.85794447,25.246,21.99661686,30.893,1.192550908
15.7224636,0.837943475,24.496,22.99910634,32.616,1.367715241
19.30846932,0.875753835,24.662,20.30725269,30.224,1.331473519
16.77474925,0.848603091,24.609,22.93374917,34.095,1.325755034
19.72560591,0.910706152,24.979,7.282295208,27.61,1.4479692
24.11327262,0.876082251,24.194,24.10369065,30.343,1.520463259
16.0237278,0.898374943,23.926,16.84305522,28.82,2.405700065
45.67563648,0.915993346,23.835,8.84756925,27,2.079678801
23.68584648,0.933358817,24.059,3.836304,26.104,3.302179548
21.66453523,0.868361833,23.564,19.93640895,30.087,2.037058714
25.21877256,0.896185335,23.971,10.32277401,28.756,2.133246012
24.46175408,0.908247878,22.871,12.19984454,28.222,2.283446832
8.300688739,0.893702637,24.096,6.176475792,27.893,2.437711608
22.81551245,0.890168517,24.216,14.10390182,29.236,3.265718727
14.19296314,0.871550721,23.958,14.32513172,29.252,3.765947811
23.41976229,0.891557606,23.178,13.27877323,28.317,4.281725491
6.30340542,0.841357917,22.957,23.07965805,29.494,3.773643928
0.243759384,0.761185164,23.02,25.73966349,32.005,3.114012565
0.945854172,0.738958832,23.217,26.91495441,33.537,2.589490996
0,0.56634012,25.575,16.86313253,38.158,1.73751731
2.4925221,0.541651474,26.804,19.29875249,39.428,1.697854272
1.232528112,0.561018986,26.152,20.48146974,40.842,0.983278689
1.584435542,0.640885635,25.759,14.28974633,38.63,1.546776197
14.6530188,0.729003598,25.084,20.89827729,35.419,1.61978787
6.679342346,0.75521374,25.99,4.724662428,31.134,1.343002227
25.36469928,0.818563344,25.611,24.26877837,31.314,1.725013844
14.73884608,0.784616004,25.103,21.24675144,33.501,1.73541534
20.12214301,0.827276031,25.062,24.20482275,31.549,1.337415274
19.90069452,0.822256663,24.645,23.02486605,31.539,1.328328352
19.1848778,0.810666554,24.555,23.45590836,32.451,1.610723322
29.65794408,0.870424348,24.746,25.58958498,29.548,1.412280838
6.6278466,0.817714892,23.903,27.17077637,33.296,1.384829123
17.40646058,0.848882665,24.094,25.65578448,32.893,0.968425408
8.04919932,0.87538317,23.839,17.92130508,29.61,1.465757737
2.401543577,0.794227086,23.301,21.84446239,34.586,1.135854525
5.561829439,0.800676214,23.369,25.3893438,32.313,1.274854944
13.52176956,0.844627639,23.466,26.82157995,32.469,1.613472254
9.506607386,0.829378212,24.116,23.44876875,33.039,1.520287319
16.9258056,0.844734962,24.781,21.17199553,33.48,1.408809932
27.54135288,0.880823577,24.685,25.36188714,30.143,1.628262042
82.26696888,0.928111925,23.459,6.21230859,26.286,2.533561827
11.33480177,0.915502229,22.92,15.8719509,27.803,2.183530439
10.8163804,0.917855741,23.325,17.49740713,27.572,2.64250407
13.40332272,0.895491259,22.942,24.00671736,29.537,1.908751113
5.548093819,0.828747417,23.676,25.15684851,31.896,2.062166751
27.69070414,0.894975752,23.981,18.78007914,29.639,2.430463732
16.05377167,0.886898983,24.254,22.35560706,29.482,2.856982063
15.10448328,0.882738163,23.67,24.05396736,29.847,1.332712596
6.91795224,0.8435792,24.702,20.53963404,30.56,1.116615074
14.02130012,0.801639006,25.269,21.17705346,32.45,1.736994763
18.60466111,0.816003404,24.882,25.49768191,31.496,2.523556998
17.62963308,0.801901972,24.32,25.9860942,32.19,1.644891702
14.48135028,0.8050827,24.991,22.42738663,32.191,1.738726948
11.45667672,0.758217148,25.15,21.6353277,32.81,1.422412831
14.23416614,0.757406249,25.756,24.27845625,34.722,1.359463352
15.95077853,0.864451333,24.637,5.085729792,27.699,1.624566219
38.85728101,0.923152737,24.504,4.01968179,27.573,1.122912199
10.40954918,0.878343644,23.892,20.07033678,29.792,1.529685105
14.71137768,0.888609962,24.357,18.35921304,29.518,1.235747952
12.68920503,0.815932571,23.97,25.57501805,33.003,1.538010097
18.87931573,0.843376004,24.273,26.64011178,31.063,1.328542959
21.94691353,0.828164844,24.806,22.3189362,31.658,2.012444953
21.7426347,0.847372298,24.008,21.79551888,31.228,1.335080526
13.23852513,0.851285158,24.401,19.96189297,30.984,1.794369351
14.780043,0.843912991,23.688,26.9325531,31.128,2.22471544
8.061221304,0.825999636,23.057,21.31154622,31.557,2.667843768
17.0700102,0.832603546,23.226,21.43259946,30.127,2.371091993
8.35819776,0.83411858,23.991,17.6612103,29.362,2.151476094
3.98426022,0.819162046,23.861,13.46743287,30.417,2.338707658
9.73662732,0.825238568,23.531,20.60144874,31.924,2.273210111
17.12151,0.885795673,23.795,14.2850817,28.711,2.195612499
15.15425702,0.854950101,23.509,19.71343026,32.005,2.180666241
27.11734016,0.892799794,23.772,18.2321487,28.893,2.272384225
12.30468682,0.878889479,23.302,18.41849687,28.843,1.869988716
9.51175584,0.81526393,22.76,24.90738984,31.968,1.898525956
10.52283974,0.820743537,22.898,21.3536349,32.469,1.687684448
48.34155985,0.894428714,23.851,16.70585875,29.111,2.167776725
27.43491488,0.943381726,23.733,5.99231358,25.889,2.096742604
19.00806476,0.910475271,23.37,25.85930319,28.607,2.278296522
1.42135614,0.682070075,25.232,15.5158803,37.283,1.61362721
28.21255186,0.803422872,25.275,25.21958094,31.948,1.619144968
12.07981366,0.783589326,24.495,25.25422599,33.855,1.395124081
15.78683866,0.788297842,24.672,27.02137673,33.49,1.849154028
18.80893483,0.810799998,25.323,23.93696342,32.385,2.225126309
13.54923,0.738559289,25.486,21.49379352,35.874,1.948103571
3.196334016,0.656676058,25.245,17.55478008,36.806,2.142645062
0.698661828,0.647471427,25.416,14.7739464,37.111,2.190617801
15.5267712,0.75877575,25.431,23.46271614,33.744,2.125264499
5.237387136,0.725861125,24.602,24.9280911,34.661,1.849730831
7.00550568,0.71539313,24.561,26.3760165,32.683,1.785805389
0,0.631206404,24.935,16.06381974,38.066,1.787863012
1.67026572,0.625556072,25.568,13.9646277,40.824,1.333288239
12.62055107,0.677542433,25.594,25.66034352,36.841,1.156961113
4.3327332,0.702081438,24.778,26.5226616,36.381,1.631297771
6.95571912,0.799683348,25.933,10.56206151,32.589,1.802166544
5.68027152,0.733441259,24.403,24.70173444,34.464,1.669657972
30.32226684,0.847384283,25.014,24.62720004,32.724,1.446568385
7.817460826,0.826949094,25.304,25.8851817,32.478,1.872480556
2.132034286,0.735542101,24.318,20.2082058,35.604,1.635329589
2.120016506,0.696849777,24.374,19.78177752,39.169,1.484074389
2.55260466,0.650670926,25.454,17.38209341,34.207,2.036555685
21.05598708,0.767783214,24.94,25.33477347,35.023,1.465720996
12.91580519,0.854000547,24.738,20.3271768,30.179,2.031520537
19.53678294,0.875405876,23.612,21.32116794,30.287,2.155929429
13.96723104,0.860292666,24.147,19.63688042,30.719,2.539153925
9.570120336,0.879341428,23.769,16.76981565,29.924,2.012650313
17.41333082,0.908861925,23.998,4.87962783,28.558,1.387002077
14.00070112,0.876522296,23.607,16.48546749,31.053,1.705861049
22.95971226,0.885763377,24.075,19.87503534,29.769,2.25010168
0.18196092,0.698407198,24.917,24.8549625,34.677,1.607027833
3.41777556,0.699560357,24.182,25.44632179,33.364,1.617660384
1.71489834,0.71700226,24.365,16.36937064,34.013,1.975608505
1.37329128,0.671390846,25.15,27.56924813,34.176,1.927099823
0,0.603715019,23.813,21.1562469,38.489,1.743387552
7.83376524,0.6862543,24.995,26.79716297,32.677,1.578404315
7.97452956,0.777870479,24.384,27.40657939,32.068,1.807618352
1.038551544,0.715034002,24.004,18.2337741,35.217,1.693007894
0.4909518,0.623708826,23.81,22.65356527,35.077,2.116566964
0.061798104,0.631189294,24.056,15.76417302,35.01,1.852263798
8.718678684,0.717807905,24.609,21.4588692,32.32,2.235566777
2.16636624,0.725815792,23.937,24.4832607,32.832,2.20353073
8.843992452,0.768005228,24.099,27.22679334,32.201,1.962193186
27.89667602,0.882436465,24.125,24.41356857,30.654,1.54893033
14.99978376,0.822937934,24.728,19.67980007,35.068,1.0648247
12.98961433,0.867265023,24.713,20.47331223,30.346,1.491272678
8.849148422,0.892250986,25.082,9.1952469,27.884,1.522012821
23.97079286,0.88982261,24.514,21.402675,29.736,1.553068315
0.870323134,0.813256752,23.33,23.15632428,30.522,1.713998379
8.468057916,0.825963913,23.393,19.67681763,30.864,2.000910977
10.91938154,0.826869042,23.174,20.80990764,31.415,1.464143476
0.640297296,0.825331587,24.67,16.99284881,31.271,1.278023679
23.05584368,0.882828805,24.246,19.17522801,28.815,2.191159357
19.58312933,0.878270725,24.457,22.0222665,30.015,1.653853816
19.74105744,0.888896086,23.994,23.86191798,29.265,1.674192658
4.03747668,0.777682537,23.371,25.80884721,34.625,1.424710662
3.846929465,0.789561788,23.717,18.19046349,34.671,0.983140909
12.49694784,0.773360227,23.815,27.13016025,33.226,1.169685476
4.2245838,0.727117038,23.679,27.16211943,34.036,0.974297551
3.52420632,0.709848343,24.064,25.87662117,35.623,1.264254329
16.7078083,0.864640318,23.669,25.603371,30.183,2.978345124
20.88518533,0.868343959,23.504,27.02717165,30.221,2.73590486
28.1026476,0.881066069,23.716,23.51699946,29.497,2.858201849
27.91385928,0.881068231,24.015,24.5503152,29.475,2.861227246
12.22056379,0.828422471,23.803,25.479729,31.089,2.246914331
22.60609083,0.878845909,23.952,21.7171629,29.115,1.812917082
15.58513944,0.8668624,24.27,22.01118842,29.788,1.739873083
7.621765826,0.835413148,23.377,24.41198833,32.27,1.624076606
0.31757364,0.759044,22.332,27.85972111,33.581,1.507600897
4.3859466,0.766020776,22.898,27.52109921,32.578,1.527672779
0.61969752,0.733804842,22.367,27.70498447,35.19,1.277084172
0.892639044,0.726843843,23.438,23.15075544,35.904,1.355396319
0.034332264,0.696139506,23.074,27.58123001,36.197,1.200889442
2.238464628,0.7095563,22.988,26.46669953,34.694,1.494997681
0.048065184,0.68010648,23.335,27.44898984,34.936,1.869637334
0.1613619,0.659331916,23.387,26.23904631,35.186,1.486935759
2.7912114,0.695763913,24.717,19.99732581,35.095,1.554377918
3.7267704,0.80445721,23.094,27.31224231,31.27,1.449703195
7.299043128,0.730366235,23.308,24.44158719,35.724,1.60521057
11.38629663,0.809537542,24.588,22.27915708,30.654,2.262441565
6.826974876,0.785980681,24.286,25.24691203,32.511,1.807935326
15.9997014,0.870749312,23.775,25.65567522,29.643,2.047117905
6.517127693,0.821094802,23.366,25.18829802,32.158,1.938641229
6.693080436,0.811873158,23.832,27.1306728,31.928,2.118416735
14.33544462,0.84418427,23.259,26.89362972,30.915,1.95347617
15.40832368,0.865408632,23.487,22.60597284,30.497,2.104871717
12.95957839,0.860852353,23.442,22.5326826,30.6,2.314188705
22.29622839,0.882554826,24.092,19.2745152,30.297,2.343625299
15.26928048,0.909930509,23.684,18.57797233,29.015,2.011941566
13.42048536,0.889723034,23.551,23.38268454,29.907,1.437906145
10.76660928,0.807263373,24.845,20.98794067,33.92,1.473240002
17.50259104,0.827463289,25.641,24.08162904,31.771,1.61860185
8.085254105,0.779994757,25.363,27.10355904,32.931,2.008985159
10.92710178,0.743623138,24.853,27.03622356,34.717,1.989168066
22.15805328,0.767515828,25.933,22.96440099,35.236,1.532860772
38.67271776,0.917736437,25.689,1.22518062,27.21,1.106552399
19.6998642,0.802568098,24.344,27.16340472,33.037,1.566610509
26.0856662,0.787780422,25.438,18.99151909,34.42,1.918997532
21.24653274,0.854379737,25.111,25.88703336,30.68,1.585896265
12.17078685,0.87930973,24.602,24.17591736,31.526,1.219689829
6.93512069,0.799434289,24.044,26.33945418,32.642,1.106699435
2.049637356,0.803447783,25.105,17.57998375,31.784,1.321905777
11.53907658,0.867420166,24.566,26.20068759,30.339,2.084988702
22.47905448,0.883396712,24.93,26.84019726,30.66,1.531803465
10.34431128,0.824783133,24.364,25.82313606,33.916,1.267455077
15.59886732,0.829157168,25.206,26.118171,33.149,1.934684765
21.54522191,0.858911832,25.673,18.64951506,31.208,2.125703731
19.58742396,0.863105838,24.632,26.56878714,30.309,1.984732522
17.72746722,0.849024558,24.604,25.67497896,31.61,1.311522864
30.42183492,0.845785523,24.663,26.01624474,32.327,1.361688492
19.65694608,0.859845649,24.822,23.7186054,31.727,1.486483615
12.12958736,0.848656821,24.715,25.1241192,31.298,1.465652225
8.171077997,0.861487111,24.333,24.49979327,30.843,1.41196918
13.31663453,0.866056024,24.335,25.66957374,30.387,1.938286175
6.645016066,0.827316884,24.249,24.65915814,31.973,2.045587401
10.67733396,0.859509729,24.052,24.48286749,31.655,1.804269638
28.9661409,0.921719455,24.339,21.26103516,29.098,1.358388752
15.02208898,0.89951326,24.099,17.60659063,29.923,1.667866289
26.7191421,0.900253293,24.342,21.79906956,29.891,1.839432232
15.6666762,0.879661374,24.038,18.49077576,30.905,2.141125342
7.599453984,0.851035476,23.775,25.55527842,30.588,2.598398745
19.12307864,0.874118134,24.428,21.08378801,30.374,2.947895377
1.601600875,0.869869393,23.932,19.99642493,28.694,3.378958694
14.64614518,0.907323326,23.805,9.87255198,27.435,2.949241342
45.9211446,0.954470792,23.546,3.69934128,25.444,2.926810758
18.5136786,0.938143932,23.465,13.05044597,26.172,3.256522789
11.10820792,0.901980604,23.395,22.87626543,28.338,3.2824833
14.33973888,0.907267102,22.727,19.86772572,28.751,2.61878368
14.7362724,0.905912661,23.496,22.6638459,29.048,1.946083504
9.909150386,0.901235902,23.281,24.20476873,29.266,1.539067901
5.990124845,0.861839386,23.985,24.65459622,30.009,1.853399768
29.73689721,0.868164647,24.337,22.85949834,30.035,1.769348997
23.0352264,0.905271122,24.153,23.25773923,29.195,1.90618484
11.93046668,0.909802695,23.303,17.71329348,28.151,2.196971111
19.63805771,0.921023081,23.393,18.70554427,28.776,1.773956876
17.26226643,0.90706707,23.362,20.3198661,28.893,2.41456368
28.39710888,0.915859785,23.63,23.97808548,28.235,2.234620947
28.08207817,0.930857243,22.826,15.85698714,27.685,2.52823939
12.77503632,0.941311717,23.814,3.0924018,25.869,2.539770756
5.17559004,0.843300433,23.58,22.81797911,31.591,1.985600743
0,0.803103887,22.765,27.61154496,31.743,1.982499651
0.048065184,0.781788498,22.46,27.56577114,31.975,2.356600076
0.633430418,0.783566215,22.166,27.90202104,32.384,2.612612053
2.15435016,0.785969924,21.965,27.65998458,32.798,2.337924086
10.55889292,0.839774065,22.861,27.24064875,31.978,2.132694106
17.36354676,0.877377312,23.681,16.82938033,30.15,1.716997951
20.09811077,0.864488108,23.323,24.2827839,31.201,1.128753308
10.60867456,0.866929962,23.581,23.9609781,32.175,1.124333276
21.98038067,0.896111173,24.153,25.23826008,30.518,1.43268076
25.44365268,0.904461196,23.888,23.3593866,28.81,2.273517818
26.04446334,0.912877377,24.273,11.47089323,28.177,2.101619687
41.34292785,0.913908525,23.816,18.77135652,28.254,1.818318343
55.146222,0.951743076,23.477,2.879720658,25.144,2.106566855
0.851439902,0.860541631,23.007,19.08461567,30.789,1.628782116
9.096334884,0.809303972,23.508,23.94006228,34.235,1.0503878
6.845853744,0.773521118,24.786,25.55510688,33.749,1.536303394
9.798435144,0.757369319,24.747,26.72431704,36.062,1.05031148
6.770325816,0.818314691,24.512,25.73999982,32.227,1.41493858
18.53599572,0.836158621,24.496,24.21765216,31.089,1.755377996
9.034546694,0.803364219,23.046,26.57768155,32.103,1.552544606
9.963225086,0.805363932,23.204,27.11666772,32.028,1.825451575
0.480651732,0.777648228,23.429,23.10963822,32.218,2.541533911
9.238819406,0.778975054,23.892,25.61012343,31.317,2.608265257
4.106142,0.761880705,23.408,27.20835144,33.094,3.10902573
7.759092053,0.780647697,24.615,20.14183206,30.909,3.146378825
13.46512614,0.89385251,24.164,5.132301768,26.52,2.368258426
15.30533052,0.90787458,23.975,8.126718588,27.846,2.104283079
3.8040174,0.822910032,23.608,18.91253835,30.044,2.434425681
18.39179844,0.841940704,23.492,26.54167302,32.335,1.969895451
21.337508,0.890631967,23.219,23.01648975,29.879,1.564532972
19.46983483,0.865072723,24.034,24.1104411,31.339,1.562030118
11.77940321,0.86076358,24.06,23.43791432,30.713,1.526742595
16.10183285,0.839570186,24.343,25.21344429,31.856,1.722493432
15.64865208,0.845340964,23.264,25.94407707,31.259,1.496770827
2.717400938,0.769273441,23.318,18.0712692,34.903,1.644141445
8.936688758,0.772097174,23.479,26.7169437,33.512,2.051490142
4.959298188,0.79282475,24.392,24.44911686,32.466,1.538355623
62.86925509,0.951478807,22.081,0.83857509,24.923,1.673556294
17.5781253,0.827688735,21.762,22.986277,35.471,1.00701418
20.92551732,0.835955084,24.665,22.37467176,32.239,1.099204751
11.67468667,0.748977545,25.075,25.92945583,34.491,1.319858039
5.36613156,0.799669324,24.827,27.25216459,31.374,1.907505438
4.94212788,0.765642622,24.103,24.9025572,33.11,1.756984239
23.31333241,0.806437262,24.848,26.00965476,33.063,1.264564996
24.28321568,0.826211457,25.032,24.46942824,31.918,1.14273812
12.40167838,0.83160416,25.178,19.40309793,31.475,1.350161413
9.510892776,0.812056469,24.278,26.5352112,32.381,1.499343505
11.54594564,0.853160822,24.503,23.04911592,30.705,1.492167231
14.8864806,0.844141773,24.305,26.36724366,31.513,1.270063286
9.408762,0.814237472,24.358,26.30603484,31.891,1.744631653
6.6604644,0.774119381,24.018,27.39430764,33.968,2.032314325
3.40404408,0.745156629,23.992,26.90836524,34.409,1.865546959
10.37006474,0.852294924,24.902,24.7879125,30.429,1.869454422
16.60137336,0.862085086,24.527,20.84776607,31.403,2.176820254
3.17573244,0.810650691,24.693,23.10947316,31.571,2.144865828
6.96601188,0.770147617,23.093,27.43954398,33.603,2.325483334
20.42942004,0.860603898,23.896,26.78265198,30.31,1.751131387
7.84749924,0.787001363,23.568,27.22640166,32.66,2.55619917
15.43578749,0.798737031,24.367,26.464554,32.275,2.961280471
8.536722516,0.779966051,23.646,26.00589276,32.863,2.966803268
13.76551764,0.870835258,23.792,16.99176816,29.394,2.416834909
15.67612151,0.881670285,23.956,19.81624968,28.97,2.85277794
3.510475013,0.880456728,23.518,12.97945971,28.012,2.685465134
5.44681404,0.876810171,23.576,15.06982662,28.015,2.554587443
9.738348005,0.878222502,23.491,18.07323804,29.39,2.863145527
10.23445683,0.905259464,23.33,12.32150976,27.675,2.871563351
17.57554859,0.875343582,23.277,20.87021322,30.019,2.705763586
24.73809849,0.890712835,23.008,21.39811812,29.478,2.314859739
16.56446355,0.893793412,23.784,12.6573228,28.211,2.217365075
21.36840732,0.863878311,23.468,19.75426607,30.447,2.527630816
2.71396728,0.629687208,25.756,15.14036059,37.985,2.493177483
2.732849676,0.637720913,25.415,14.44246603,37.944,2.911174078
13.05656766,0.708658103,25.585,12.73528001,36.74,2.290113454
21.84218978,0.818194027,25.384,11.79146601,30.66,2.064187419
11.99226204,0.813624532,24.97,21.81312711,32.445,2.080899956
6.657030713,0.770981725,25.145,18.83727405,33.432,1.884584565
17.15240736,0.808409319,24.926,23.91131844,32.126,1.997136093
15.51304044,0.801723234,24.754,26.3518875,32.582,2.174311936
16.24087872,0.784325541,24.762,25.97575086,33.394,1.958062396
0.59394811,0.684700554,25.136,18.10209492,38.284,1.473601134
4.59366084,0.653724846,25.067,17.68735998,40.126,1.207765872
11.9527794,0.715571944,25.749,18.7970049,34.821,1.441386869
5.11207596,0.688974037,24.639,20.86149186,36.801,1.490939243
2.870176644,0.689697823,24.645,15.19577262,39.153,1.171287585
1.788711084,0.793752302,24.765,11.9774808,30.3,1.364716825
6.744580596,0.795486641,24.119,17.92929024,33.098,1.671833267
0.144195833,0.679879429,24.933,20.16410994,35.027,2.717522307
13.26771495,0.773942104,24.588,15.36058458,30.053,2.29093878
11.9991245,0.826716684,23.792,8.84081556,29.481,2.001125159
15.63834888,0.8846916,24.216,14.13062413,29.071,2.195985208
13.41361894,0.884928438,23.592,13.14579591,28.947,1.682637947
5.167011492,0.898460911,24.131,4.721570892,27.161,1.917763248
5.304338676,0.937424268,24.125,3.611025432,26.462,1.601782643
2.10113496,0.85841801,22.955,17.62960032,30.311,1.880270926
7.85522844,0.851951814,24.267,22.4993781,31.493,1.815992305
5.79528612,0.818797157,24.328,19.99546693,32.924,1.596185313
18.683631,0.863247917,23.161,26.51175054,31.875,1.531277806
17.17644528,0.85466888,24.283,21.89059063,30.908,1.666788682
3.824614152,0.803950948,24.794,22.32770267,33.366,2.05813998
7.8689592,0.770248274,23.533,26.98273035,34.956,2.422657476
5.936049986,0.860912076,24.712,13.02918615,29.336,3.101697348
28.2897936,0.846177302,23.896,16.60314463,30.529,2.595097788
30.4475783,0.86538156,24.683,17.96169186,30.407,1.828330612
26.26076653,0.878919689,24.109,24.6084237,30.484,1.375164003
9.78813432,0.840227173,24.381,23.7867714,32.602,1.392444824
4.140472428,0.749460245,24.31,27.2655027,34.065,1.829231834
0.061798118,0.670417601,23.804,19.0848861,36.053,1.747418889
0.27122508,0.669087935,23.855,15.99536333,36.357,2.36284615
0.02059938,0.631463712,23.914,17.45483191,37.312,2.14205226
0,0.626212887,25.365,15.3200799,37.087,2.58802017
0,0.60612566,25.963,23.59687068,36.134,3.00898904
1.3320918,0.623604969,24.962,19.33750908,36.592,2.446288367
4.98848004,0.682266276,25.066,27.38447298,34.425,2.363768744
0.518417604,0.65627383,24.519,14.9074875,36.809,2.082658484
0.070381188,0.653506865,24.832,14.51340648,37.34,2.005020253
8.138466504,0.70488789,24.938,26.96197239,33.211,2.182406424
26.91308754,0.814685992,24.439,25.01830575,31.739,2.410065081
21.60530532,0.790218662,24.223,22.47907644,32.414,1.946352947
18.28193756,0.811431982,24.43,23.47362954,32.222,2.230584913
3.690720223,0.843156659,24.547,9.0951165,27.888,1.839458338
1.448822304,0.793836464,23.57,3.726845568,26.614,1.863221642
4.73098932,0.709805646,23.9,14.98128444,34.775,1.836841614
10.3185684,0.750478107,24.846,25.08795504,33.288,1.552416324
10.77689592,0.75399452,23.571,16.12563552,36.185,1.517796129
9.15298506,0.75541916,24.723,17.72634672,36.006,1.650186044
24.259176,0.830625373,24.719,21.13047738,33.412,1.543531046
9.06714972,0.782407361,24.021,25.59352824,32.603,1.488063774
2.971458,0.738582739,23.484,20.28099483,36.713,1.807157955
14.3268534,0.800943812,24.194,26.34732729,33.61,1.704058345
13.99040137,0.837286959,24.027,21.36633302,33.047,1.042654193
69.94513916,0.744149018,24.002,14.24542313,37.324,1.512725872
42.08451146,0.776145778,23.148,21.45915317,33.224,1.395663148
19.82002439,0.799354135,24.737,19.92791412,34.895,1.312119152
0.48751835,0.746794545,24.265,25.3801152,32.477,2.05668821
0.463485902,0.784185024,24.882,7.89665616,30.774,1.107606409
7.954790292,0.809411624,24.928,19.7823924,33.987,1.559769703
33.59412151,0.893080752,24.483,17.97080328,29.726,1.888771379
23.30818602,0.866554431,24.165,20.73279528,30.291,1.806122099
14.12086427,0.820840126,24.237,20.8786482,33.117,1.92721956
9.386440337,0.826517212,24.607,18.6923862,31.427,2.045251614
24.27635448,0.930322425,24.139,2.96274654,26.55,1.671414093
16.02115488,0.895084082,23.379,10.7900955,27.123,2.389934634
17.08717003,0.905657041,23.278,13.83642623,28.715,2.99087251
8.35990596,0.888396824,23.451,10.49119839,28.709,2.580423487
6.7325589,0.877167209,23.451,15.67563678,29.734,2.13986677
3.211787844,0.829574812,23.661,17.38394417,30.696,1.910903486
16.68548394,0.854637376,23.508,26.68437711,30.745,1.959866339
4.634859218,0.813161672,23.392,24.7649625,32.399,2.000491534
15.85464786,0.839676221,22.54,26.02710432,31.163,2.111782711
6.863027839,0.829565106,24.143,25.92326322,30.703,2.653101283
7.075878444,0.822986177,23.928,20.75343372,30.412,3.114004155
10.30483692,0.789246829,24.007,22.4881335,32.407,3.355466793
7.3711359,0.730476494,23.938,24.80844546,32.924,3.910210442
0.784492178,0.714889993,24.011,16.8749964,31.864,3.784018811
0.02746584,0.64796358,23.125,22.90899519,35.506,3.41644452
12.92438304,0.764366172,24.292,24.75140265,30.97,3.195530746
13.78440504,0.79426343,23.845,25.33984434,30.944,3.027876963
19.45267153,0.82046816,23.443,22.90056201,31.007,2.436560543
0.559616011,0.723618909,24.464,11.06937747,35.014,2.009584126
5.2528356,0.734007087,24.25,22.65637266,33.27,2.973129206
15.05470252,0.805271492,25.069,23.82536493,31.841,2.455265802
13.53034584,0.754654823,25.081,23.59608138,33.576,2.628043832
12.57762784,0.766451105,25.63,20.8942929,33.424,2.551295444
12.92438322,0.841178803,25.342,17.75739323,30.649,2.1652613
19.8869657,0.840505081,25.002,25.80322716,29.996,2.878908466
3.156855566,0.750333065,24.977,20.69571996,31.991,2.669632566
6.03046584,0.758961683,25.347,20.75377446,34.161,2.828476334
34.23182885,0.83537199,24.906,23.13224154,31.167,3.147571337
12.320136,0.851930415,24.733,10.14715987,30.395,2.953691694
6.21586152,0.838719333,24.489,11.64414555,30.093,1.758667331
0,0.699510391,23.943,20.20156947,34.292,1.715529147
0.51498414,0.696824728,24.363,15.9513174,35.669,2.442571112
0,0.665380924,24.547,22.9960692,36.551,2.706589201
12.64801644,0.741509592,25.63,25.69420854,33.021,2.639192932
6.5917962,0.769214614,24.479,22.97182662,33.468,2.603671052
17.78411916,0.79150512,25.867,21.96877817,32.15,1.528878772
15.75508608,0.74929122,25.366,26.33276646,33.446,1.928091222
9.314346816,0.726735151,25.997,21.98846286,34.046,2.096063571
1.18274688,0.71127504,25.409,15.92853617,37.409,1.930092967
3.531072053,0.744559769,24.179,25.38382968,34.165,1.834161702
12.11243472,0.833669317,24.439,27.10299132,32.533,1.456008922
2.886486286,0.75270102,24.765,25.2519741,34.914,2.354511284
13.52519604,0.812794142,25.227,17.7596433,31.133,2.208609413
10.26878177,0.779789901,23.883,22.61126592,33.69,2.492637904
5.211639576,0.749744142,24.505,26.76126816,32.762,2.075141836
7.134248196,0.753803504,23.812,22.19394249,34.065,2.060966396
13.27113565,0.843241793,23.756,19.46660436,30.238,2.420483837
6.676767468,0.743366166,24.266,20.27806722,33.206,2.66814806
7.80887268,0.773414248,23.336,21.82927734,31.578,2.562729379
6.88705092,0.749766638,23.372,26.29310976,32.859,3.150624589
14.75085996,0.808359175,24.336,23.72759694,31.823,1.416794054
10.9485594,0.816852572,24.201,27.13724856,31.842,1.553768333
11.40174648,0.833661007,24.553,26.92035641,31.081,1.615657227
11.51847855,0.795315408,23.934,25.99459119,33.299,1.490705986
6.828682752,0.828197153,25.088,16.1616395,32.544,1.877077418
10.62239987,0.805440111,23.947,26.09661413,33.056,2.015878518
0.995635152,0.749052916,24.085,16.61337747,36.441,1.882989569
0,0.679698212,24.237,17.87213664,36.823,2.088230944
0,0.651225749,24.654,22.968,36.135,3.078918496
9.68170392,0.73145337,24.96,26.33494986,32.35,2.154278442
15.64178616,0.78729105,24.9,25.16687057,33.536,2.082053127
2.87361252,0.822670482,25.39,15.59660319,30.6,2.109692451
11.82403076,0.822001654,24.227,25.08722316,32.824,1.666065109
14.9276727,0.837516535,24.699,23.16953682,32.541,1.905363582
13.95950489,0.864904333,24.416,24.5022741,30.343,2.093542648
29.8690812,0.872695349,24.428,26.55337212,30.802,1.981017988
26.55258992,0.883554298,24.65,24.51072132,30.842,1.513941943
27.32162659,0.894912265,24.374,22.04200584,29.66,1.525506334
26.32084155,0.879457497,24.407,25.46786835,31.447,1.372733419
9.231945739,0.842657513,24.156,22.49331246,32.473,1.381477713
9.973521864,0.787768962,25.221,22.8134178,36.099,1.37352123
13.93203582,0.817166211,25.377,21.51698508,33.447,1.611823595
27.36797728,0.87201912,24.604,26.69039622,30.903,1.6999688
6.047629646,0.815847247,24.515,24.97578975,31.169,2.203389367
11.78627353,0.780631003,25.229,22.04341866,33.765,1.6398771
14.24446992,0.875661978,24.65,18.10996686,30.978,1.659010865
6.871610758,0.877981752,23.629,20.12185827,28.827,2.244400125
9.043122024,0.892264149,23.956,7.689656592,27.706,1.673366156
2.217864866,0.845805639,24.209,17.18218591,29.811,2.974263551
2.362060778,0.783937764,23.998,10.99310598,30.348,2.553997491
4.092408,0.773576062,25.375,26.81258094,34.907,1.398557089
7.484436144,0.760924325,25.156,20.92128624,34.455,1.83611751
21.19673975,0.854330682,25.262,17.68589964,30.914,1.628119022
19.72560504,0.81628875,24.739,26.69878107,32.62,1.411321171
29.40902856,0.84750037,24.964,19.68508528,31.264,1.571435777
4.274369964,0.774984266,24.398,17.43547691,35.72,1.231142216
2.98690866,0.764045406,24.836,13.53324193,32.868,1.340239163
4.270932036,0.68834239,24.309,19.97122464,37.502,1.342240309
20.90149488,0.774326564,25.924,20.6466192,33.767,1.703539168
0.078964344,0.687957743,24.759,16.29382014,37.54,1.679349142
2.04620148,0.658573343,25.464,15.82486891,37.225,1.867305334
3.886413444,0.720747522,25.063,26.564904,36.961,1.711602146
7.199478,0.742544643,25.035,24.25803246,36.522,1.538785772
13.8599424,0.80138637,25.101,26.43536088,35.063,0.96868875
18.7419924,0.811637505,26.064,20.14678125,34.414,0.947748933
13.1698584,0.769504705,25.177,22.79345238,36.4,1.207168715
17.44079199,0.801863511,25.066,18.01608617,34.093,1.162128402
14.45732161,0.800782784,24.87,26.67183966,35.281,1.225640144
29.06571996,0.849131628,24.715,26.5101714,31.168,1.228122484
25.47112212,0.844112939,24.739,26.10669924,32.014,0.876805958
9.386449236,0.770612129,24.458,26.0136549,34.303,1.613525554
4.90264758,0.774471448,24.833,19.6426134,35.214,1.161989408
1.328658984,0.772800139,25.122,21.2615496,32.696,2.802401716
18.92566836,0.864681286,25.49,22.26121848,30.169,2.296426297
25.4161962,0.895799108,24.696,22.054725,29.967,2.069426684
24.92179704,0.926531498,24.71,6.64723332,27.568,1.790063735
17.91114664,0.875667625,23.535,24.06374964,30.56,1.486888345
1.009368914,0.786337031,24.343,20.98579752,31.289,1.663890027
6.190109316,0.868502456,24.493,9.70616034,29.211,1.627623505
4.092411233,0.851597968,23.625,12.69714888,30.199,2.350439338
14.24446488,0.716121609,24.515,15.62484679,38.825,1.505511473
37.2745548,0.804158144,25.315,19.11104867,32.367,1.170224273
2.61611928,0.715215011,25.014,20.01279096,36.639,1.626295586
11.38801464,0.731696218,24.807,27.01665101,35.565,1.235380937
1.76124636,0.654184578,24.633,25.41256938,38.046,1.462033432
1.792145419,0.628097593,26.273,22.04662759,35.956,1.966434708
8.8405578,0.717231729,24.867,25.72469244,35.819,1.303015134
17.6399262,0.791472514,24.736,26.7651027,32.721,1.636952138
3.364564428,0.773193096,24.74,20.85075234,32.327,2.065782007
3.865818312,0.728061292,24.883,26.64011124,32.447,2.649636253
10.08854172,0.786526784,24.705,23.60183058,32.333,2.102861749
7.237240826,0.844066404,24.518,18.65936538,29.112,2.701496607
7.07931,0.848090161,24.309,11.1959433,29.311,2.217638361
9.358984613,0.813712095,22.787,21.0436326,31.454,1.717358883
16.5996504,0.846188029,23.888,20.70376398,31.306,1.239485773
17.91458117,0.843252421,24.917,24.58491073,30.668,1.413026966
19.66552776,0.827363296,24.192,24.4661607,31.179,1.73137881
10.55031021,0.826025606,24.434,19.34763523,31.464,1.592879337
5.276869884,0.814252575,24.423,11.65264009,31.3,1.483483424
0.923538024,0.674635861,22.786,21.96354798,35.801,1.820132522
1.36299132,0.67154845,24.318,21.08379276,35.83,2.935285163
13.68141444,0.711911676,24.147,23.59850643,33.244,2.984955956
18.53599194,0.699138405,24.935,26.0788482,34.259,3.364481565
22.97516544,0.844146908,24.781,24.98067936,29.81,2.542866163
22.4739104,0.841964123,23.848,25.42038714,30.724,2.519180205
25.56036511,0.869909289,23.918,25.32790863,30.234,2.226391468
8.24661198,0.787650961,23.859,16.86150081,34.695,2.002497478
22.06191922,0.846328012,24.308,26.64421992,30.092,2.367592605
10.25848421,0.834878539,23.824,26.74063557,31.279,1.948559695
32.5538298,0.812758923,24.263,23.41951713,34.602,1.902438299
15.24095604,0.82649207,25.007,21.43451657,32.563,1.583874756
19.6337646,0.864776412,25.167,23.56762194,30.325,2.953882333
7.690430484,0.875043302,24.181,15.32761553,28.979,3.120790238
1.220512226,0.814863765,23.757,21.71823869,30.797,3.412382006
7.547952744,0.814369786,23.15,26.16609528,31.405,2.009753536
9.015660036,0.814756105,24.198,26.57036405,31.349,2.126267169
1.64279916,0.708345261,23.329,27.52154741,34.156,2.695038159
0.054931644,0.670080501,23.711,26.91562133,35.544,2.87370477
20.23888118,0.78635324,25.673,24.38859701,31.267,2.918485991
16.7284065,0.808781148,24.707,24.39073359,31.343,2.55768665
12.56389721,0.792903316,24.642,22.83080616,32.115,1.908393939
0.19569384,0.660859813,24.171,24.94704564,36.182,2.533483977
0,0.618299931,24.684,27.53279676,36.528,2.949512994
8.22086604,0.721608826,25.433,24.50914121,33.777,3.303635662
26.00327664,0.836498008,24.978,26.26306875,31.574,2.656794819
22.09282603,0.860590673,24.627,16.73566947,30.225,2.583997616
16.95671371,0.84054712,23.679,23.2980156,31.128,2.520121092
15.86408332,0.843164695,23.975,22.22599923,30.424,1.795078489
20.03631579,0.827596283,24.335,19.84753179,32.139,2.228404508
15.97137264,0.848427174,24.695,18.89781057,31.731,2.133385199
14.30025372,0.834557276,23.716,24.74482536,31.679,2.228185439
19.71702241,0.849170201,23.988,25.9927344,30.817,1.931911715
7.23552552,0.799529965,23.937,23.23637235,33.209,1.790627916
15.2830051,0.823674565,23.929,23.90292988,32.637,1.453432835
5.336954093,0.782189633,24.511,22.8807594,33.155,2.339888522
9.4842936,0.781166617,25.183,25.09971273,32.744,2.063908304
14.19124007,0.808545076,24.518,25.58166174,32.143,2.096285483
22.49021614,0.844004899,24.349,25.43968431,31.163,1.633482257
8.886917585,0.801817921,24.202,25.15933791,32.795,1.332073272
10.32028073,0.789838332,24.151,26.35638129,33.91,1.433558176
2.77576704,0.640954527,26.123,26.77331239,36.513,2.74655113
14.2169958,0.720067929,26.497,26.4713058,34.995,2.453810905
22.5391356,0.761624594,26.095,26.83321733,34.286,2.186024783
8.9160894,0.743375173,25.789,23.00950863,34.144,2.022155543
31.43034356,0.817479284,25.715,22.65390288,32.689,1.673440417
19.07673372,0.814967896,26.167,20.77756468,31.27,1.70516488
30.77976492,0.831245521,25.324,25.10842651,32.365,1.605314592
4.61425698,0.831005982,25.837,8.699342328,31.509,1.221533542
21.43363356,0.791328923,25.198,23.5281969,35.21,1.188410159
14.9448384,0.757268925,25.055,19.73942237,34.579,0.985900763
2.693366633,0.676450163,25.318,27.36719856,36.096,1.815632089
1.391317574,0.628129855,25.662,16.56298397,37.534,1.711202556
6.248475432,0.686523828,26.261,13.88137464,39.939,1.151247444
15.31048284,0.750538545,26.488,23.75318952,35.373,1.318601718
9.55810872,0.805465403,26.086,19.15458838,32.007,1.245248986
4.8957876,0.776864527,24.637,26.60967918,33.663,1.741652235
16.43313672,0.823110484,24.947,26.9695098,32.85,1.925501673
13.68141088,0.849342955,24.533,21.88434654,30.384,2.514259187
5.374720656,0.789629236,24.218,25.06634514,33.183,1.888426141
1.625632128,0.749568116,24.609,17.64151427,35.076,1.745523224
27.26326476,0.863292028,25.27,19.1013786,30.143,2.282578214
26.43414106,0.86831432,24.859,23.87109546,30.921,2.269961853
24.57847054,0.880705605,25.05,21.36134016,30.439,1.675932777
9.08002728,0.789463449,24.218,26.77325742,34.695,1.616688849
7.38143964,0.787442339,25.02,27.02941812,32.599,1.867724543
25.4625372,0.848704934,24.854,26.71594119,30.938,1.892672506
12.70980845,0.850921482,25.037,23.70177819,31.842,1.854670953
13.67969865,0.853528242,24.35,24.94643103,31.177,1.713785048
7.302470753,0.826257652,24.656,24.96994263,31.972,2.130322707
1.618768346,0.74318675,23.868,26.90460315,36.564,1.991538146
18.07250424,0.892670743,24.345,22.13513195,30.333,2.099353565
24.64367741,0.898315204,23.959,25.11369669,30.579,1.864102921
22.08252312,0.900974034,24.806,25.36714699,30.095,1.958499839
15.76881094,0.902079274,24.531,25.29091055,30.383,1.520441126
16.44858979,0.880710312,25.027,21.88080905,30.983,1.472871495
22.05505447,0.905599509,24.315,21.77232247,29.691,1.448175501
7.355691792,0.831522687,24.637,25.0899918,31.682,1.62221251
8.73413208,0.896603182,25.018,10.06035376,30.071,1.313031352
17.49916188,0.887185709,23.976,26.28869436,30.303,2.443510835
15.10276979,0.856952815,24.403,24.97643263,31.162,2.772891567
7.98740388,0.860378681,23.779,23.64091381,30.492,2.518629983
7.32993737,0.858422937,23.986,22.55934737,30.167,2.579254115
0.78964236,0.784822065,23.43,25.80125418,31.014,2.884880161
2.231597318,0.882454279,23.631,3.075556992,25.723,1.869327163
0.317573291,0.841044819,23.303,15.94419542,30.645,2.453809096
20.32812577,0.874027766,23.573,20.89803951,29.164,3.12231216
2.061653022,0.920761306,23.765,4.085435155,25.972,2.465727237
4.935265106,0.87248293,23.733,18.97886578,29.243,3.187129942
2.664184608,0.873313402,23.795,16.01904408,28.76,3.877162888
4.020307646,0.900862274,23.868,6.179391223,26.209,3.363017576
5.010790324,0.873872676,23.197,8.382997994,29.026,2.633713017
10.94856183,0.885245757,23.331,22.91672341,29.937,3.368048201
16.12758996,0.912457764,23.427,11.81707442,29.26,3.438278102
2.288246472,0.842529018,24.082,21.91608713,30.043,4.22895296
1.375007652,0.782878308,23.814,27.16882195,31.855,3.647741768
3.8040156,0.818596636,23.456,26.65579187,31.75,2.494892935
7.80029172,0.865960785,23.409,26.52491055,30.017,2.262458492
6.78062268,0.83683507,23.489,27.00314257,32.119,2.205789256
7.78999073,0.844408505,24.076,26.63533994,31.588,2.481489111
9.897996182,0.92208406,24.019,10.43615151,27.888,1.313973746
19.60029785,0.895564538,24.825,19.33557534,30.599,1.994523775
23.41460997,0.943914368,24.818,4.006526433,28.209,1.097722403
21.644793,0.891093106,24.489,26.35683315,30.746,2.251928215
7.573700174,0.939105309,24.662,4.198480508,27.002,2.672453933
2.600668836,0.899934668,24.207,19.50947923,28.511,2.894953822
13.44108184,0.904600749,24.53,24.38948041,29.865,3.09416167
2.756882146,0.918959397,24.145,9.058072136,27.747,3.048651162
5.874253286,0.907418606,24.365,14.80513939,29.064,3.103347974
16.46919389,0.919370283,24.189,18.12372128,28.981,2.496383041
8.984759213,0.872834408,23.821,26.56520935,30.665,2.428408663
5.294037593,0.864240921,23.626,19.68779295,30.46,2.426561823
20.18051288,0.897823133,23.336,22.12275734,29.032,2.507377969
4.98504708,0.846181539,23.187,26.64410107,30.696,2.447084991
7.83119088,0.843501221,23.196,27.28488813,31.495,3.287270876
13.71918276,0.880204836,24.199,25.57474407,29.336,3.625216704
1.792145484,0.845954012,23.496,20.41008998,29.698,3.502091598
3.725050428,0.892924761,23.909,8.929587781,27.652,2.704010286
4.86144761,0.877411283,23.577,12.77265326,28.949,2.70823497
2.169799236,0.837516829,23.089,20.52248494,30.179,3.273104573
7.6938678,0.842940631,24.629,23.06607431,29.88,3.117479732
11.55281093,0.866373344,23.853,20.197401,30.535,2.308100664
15.44952744,0.872063215,23.88,22.84060871,30.473,1.804233735
11.52191016,0.874624582,23.164,26.81128086,31.164,2.471726638
3.666686702,0.87596791,23.199,22.5842146,30.107,2.388056928
3.798865238,0.824881359,22.73,27.17828638,32.256,2.723856845
6.286241549,0.83081529,23.416,23.6231895,32.261,2.63135765
8.16078204,0.848833843,23.632,25.1858846,30.026,3.031680861
11.68327411,0.88021104,23.87,14.41879583,29.546,2.234334187
21.24480996,0.903419003,23.535,21.46258429,29.043,2.458500695
27.3078918,0.94735221,23.652,7.933486193,26.521,2.747240993
13.26427794,0.864406539,24.899,19.7332373,30.689,1.496760254
10.30912369,0.907793752,24.658,8.939769021,27.394,1.097100952
16.37820972,0.871786036,23.535,23.9586912,30.332,1.652369707
16.35589224,0.913475413,25.1,14.5117252,28.206,1.308984754
12.04204608,0.874951671,24.551,22.66077887,30.203,1.606720875
10.99662469,0.881901794,24.561,24.59252007,30.341,1.333764491
10.36491178,0.855132778,24.717,27.32300465,32.375,1.089594901
5.804731033,0.89065674,25.203,21.80933326,31.251,1.412924295
17.70515916,0.880356201,25.677,25.13185018,32.472,1.93855644
4.879468404,0.862024131,25.254,25.17746614,32.25,2.718836051
15.23752059,0.906734218,25.327,22.8100481,29.95,2.326769255
9.20019542,0.91835575,24.559,8.573745961,28.638,1.613723329
11.28587299,0.929387783,24.223,12.76015355,27.956,2.523868709
6.538576644,0.926024123,24.117,11.56118823,27.925,2.526644418
12.60852541,0.93635449,24.001,7.548076269,27.086,2.677453974
10.89019649,0.930580215,23.655,12.82823979,27.51,3.070318611
13.85135594,0.902279305,23.928,23.79066966,29.664,2.92539333
13.86165791,0.918860449,24.341,15.4472402,28.47,2.765896568
25.02308034,0.924441985,24.105,25.07790831,29.033,2.8243963
11.99741364,0.907059008,24.713,22.52216618,29.749,3.016498967
7.435517724,0.914939986,24.666,12.27306568,28.787,2.454613313
17.28458928,0.946490824,24.898,6.23045582,27.104,3.099321262
12.64801068,0.934582561,24.649,13.36572111,28.393,2.777400496
15.10019071,0.908764983,23.929,23.01891347,29.84,1.371392187
3.06072117,0.861579554,23.903,24.8796848,31.231,1.707567791
3.664115856,0.850944464,23.415,27.2290097,31.892,1.890756926
1.730349716,0.880095916,23.809,24.29726516,30.427,1.905941031
1.64279952,0.863600644,24.604,25.47519804,31.43,2.242930337
13.00849812,0.890128888,23.869,25.97024001,30.312,2.147501246
12.41712968,0.869899258,24.066,23.50631652,32.081,1.848641348
