6/1/1979,15.9456276,0.8666775048,30.232,24.99632154,24.483,1.5246123954
6/2/1979,23.646349656,0.8910617919,29.808,18.94971672,24.384,1.5410804694
6/3/1979,28.1249964,0.8937168309,29.146,21.98592594,25.009,1.6842832346
6/4/1979,3.4366626,0.8930649046,30.229,12.059829,24.567,0.9772765085
6/5/1979,21.215627496,0.8846714912,30.794,22.8459321,25.056,1.0439759802
6/6/1979,18.91708326,0.8845772176,30.518,20.99508345,25.266,1.0035634765
6/7/1979,21.54007224,0.834475855,33.001,21.22858368,25.468,1.1863373127
6/8/1979,8.7873452784,0.8394928286,31.344,26.22824496,24.627,1.8860317573
6/9/1979,23.41460952,0.8480398074,30.932,26.12700018,24.543,1.8814422328
6/10/1979,15.0135012,0.8490379063,32.309,26.5491576,24.592,0.905950053
6/11/1979,18.45875052,0.815513927,32.001,23.04788076,25.949,0.9262742762
6/12/1979,9.39502296,0.8159862931,32.368,24.9286419,24.806,1.0686958076
6/13/1979,7.97710356,0.8336497081,30.671,24.69886956,24.485,1.7002038083
6/14/1979,14.52083256,0.8740829989,30.007,24.98338296,24.072,1.6084110074
6/15/1979,1.7681123304,0.8379608135,31.134,21.3969402,24.175,1.6518648637
6/16/1979,9.31262184,0.8347924321,32.458,23.9807223,24.314,1.0701579637
6/17/1979,11.557959912,0.8332549545,34.081,25.57304496,24.152,1.031596224
6/18/1979,30.93509268,0.8732578028,31.29,26.45938458,24.298,1.2728356974
6/19/1979,10.35118476,0.9049962787,28.257,15.20708112,24.273,2.1193978319
6/20/1979,23.49701208,0.9303626691,27.961,13.69063431,24.369,2.6035817401
6/21/1979,22.1340132,0.935562036,27.107,8.799747588,24.04,2.6783199833
6/22/1979,48.78614736,0.9598973834,25.248,1.85979393,23.711,2.640084642
6/23/1979,28.2245652,0.9579009534,25.436,4.17774474,23.511,2.1675914544
6/24/1979,14.176655568,0.9430590019,27.272,10.570163868,23.65,2.3008415158
6/25/1979,17.1335211048,0.9416677533,28.019,14.7515661,23.895,2.2278608484
6/26/1979,22.3460185536,0.93975106,28.158,21.37623732,24.301,2.7165196764
6/27/1979,17.253681372,0.9309199814,28.864,17.92091178,24.549,2.5772459572
6/28/1979,11.87037972,0.9166195499,29.089,22.1528871,24.367,2.4626158633
6/29/1979,17.5300681464,0.9233626082,28.745,21.02815971,24.24,2.5474670921
6/30/1979,14.874459336,0.934590717,27.939,15.195997368,24.445,2.6051575333
6/1/1980,12.364765092,0.7064703301,33.626,26.87591574,25.151,0.8417909554
6/2/1980,1.725198084,0.7327239596,33.153,15.137499528,24.991,1.3196632522
6/3/1980,0.0944137728,0.6961254917,33.025,16.791689952,24.168,1.6756328155
6/4/1980,8.491225788,0.747781978,31.584,22.3599348,25.926,1.3194426094
6/5/1980,0.3433228128,0.6556781166,38.437,18.01772514,25.731,0.9980479628
6/6/1980,22.1803712928,0.7535026246,35.039,26.67734874,25.286,1.2016979912
6/7/1980,21.20018256,0.8832538043,28.318,5.5081656,25.134,1.5684079342
6/8/1980,23.86264176,0.8633437306,30.087,16.72267266,25.19,1.3360658593
6/9/1980,30.308540904,0.9048209306,29.761,16.73831088,24.542,1.2330873867
6/10/1980,22.41124812,0.8982567844,29.387,17.28050256,24.311,1.8102620538
6/11/1980,20.90321316,0.8853629715,29.078,20.16494298,23.764,1.4030994231
6/12/1980,7.02781812,0.8769211505,31.125,17.1306009,24.51,0.9459074281
6/13/1980,13.4067517488,0.8656728453,31.836,21.58053876,25.168,0.8400497778
6/14/1980,18.6527214,0.8265033881,33.458,24.45164928,25.116,0.8744033155
6/15/1980,19.0904562,0.8357216933,33.221,20.7729027,24.623,0.9753951797
6/16/1980,11.6712573912,0.8671227132,29.927,19.576291932,24.906,1.6402933342
6/17/1980,7.861234392,0.8130856126,31.169,19.84544775,24.2,1.716662908
6/18/1980,21.29459184,0.9193583558,27.385,6.03551664,23.52,1.9705282334
6/19/1980,21.826740708,0.9219132047,27.871,16.302942,22.887,1.1954784068
6/20/1980,11.738205252,0.8889865462,30.319,16.58385,23.377,1.5586911492
6/21/1980,13.8050042256,0.9191352972,28.555,18.33738912,23.883,1.251412444
6/22/1980,15.8426302392,0.8972373156,30.013,16.0927884,23.552,1.2198597768
6/23/1980,47.74503384,0.9475216239,25.952,3.31790616,24.291,1.1071542763
6/24/1980,18.175507812,0.928027842,28.784,14.5151433,24.113,1.1946522835
6/25/1980,14.876170452,0.9375538171,27.618,9.650082132,24.124,2.1166353024
6/26/1980,24.59649672,0.9419359794,27.301,13.767473268,23.859,2.4794993564
6/27/1980,19.929887208,0.9396510239,27.333,17.0376651,23.538,2.5695334739
6/28/1980,20.9135092464,0.9384281926,27.312,10.79213364,23.51,2.2834974218
6/29/1980,21.5417844,0.9379708296,27.499,10.4323473,23.501,1.5079041231
6/30/1980,11.53650312,0.9343590408,27.936,14.86743804,23.635,0.9292834142
6/1/1981,3.9361938192,0.702530605,35.653,14.658923898,26.299,1.8853611981
6/2/1981,15.25040028,0.7720541098,32.378,26.138874528,24.672,1.6145474713
6/3/1981,13.815305424,0.7822427149,33.602,19.867666032,24.881,1.6766503001
6/4/1981,9.14268276,0.7443856376,32.812,22.5228348,24.964,2.7077265626
6/5/1981,11.37772242,0.7367205522,32.816,21.621377952,24.188,2.4626640327
6/6/1981,16.5138231528,0.8002886386,32.241,19.246613418,24.572,2.2694673697
6/7/1981,19.47327552,0.8782444902,28.302,12.8711286,24.557,1.880743151
6/8/1981,15.8821158528,0.8596122211,30.319,10.344879882,24.158,2.3058104039
6/9/1981,9.54437796,0.8333060371,30.547,17.524685232,23.899,2.83655125
6/10/1981,6.0802461,0.8610545817,29.58,15.89439051,24.093,3.2409498731
6/11/1981,13.677981516,0.9149586098,27.622,13.3467255,23.875,3.0224579572
6/12/1981,9.757230192,0.9107709945,27.997,10.82947626,23.754,3.1791879937
6/13/1981,11.8686694968,0.8794571972,29.418,18.89831106,23.54,2.8103077145
6/14/1981,19.105910388,0.9083975956,29.018,23.508846,23.647,2.4141827259
6/15/1981,24.657446124,0.9225357631,28.276,15.3703125,23.803,2.4001593092
6/16/1981,18.9565614864,0.9163834712,28.2,19.68811308,23.053,2.2293550341
6/17/1981,12.630841632,0.9212076286,27.854,13.50488664,24.053,2.0545291381
6/18/1981,37.98866772,0.9515558509,25.528,2.0104317,23.76,2.0893537608
6/19/1981,7.807159944,0.93186283,27.559,14.3451522,23.386,2.2574672012
6/20/1981,21.8318913864,0.9345221279,27.828,16.522088868,23.858,2.7329004506
6/21/1981,8.06979888,0.9243874717,28.41,15.49034658,23.322,2.0338618296
6/22/1981,18.5119696008,0.9336926318,28.164,17.69523534,23.533,1.9963012005
6/23/1981,2.911375728,0.8779259682,30.458,22.97677374,23.094,1.4286023251
6/24/1981,2.2899636,0.8343729529,30.643,26.30514843,23.894,1.4826915686
6/25/1981,1.814460624,0.7909985878,32.598,27.11959389,23.42,0.9845520044
6/26/1981,3.10020408,0.7994603399,31.829,27.37473786,22.467,1.094144568
6/27/1981,0.1167295968,0.7655397576,32.37,27.13663332,22.522,1.2782863517
6/28/1981,1.78356168,0.799419262,31.187,22.001844618,23.448,1.4868799166
6/29/1981,12.6342768528,0.8714749408,29.25,27.0168759,23.599,1.8613256313
6/30/1981,6.4252841976,0.877819525,30.347,24.468584418,23.107,1.8106233175
6/1/1982,19.96936056,0.7038065863,33.978,25.607193048,25.611,2.2077381014
6/2/1982,20.8877485824,0.7041900497,36.073,25.22525211,26.411,2.0297580719
6/3/1982,21.1607007984,0.732739457,34.185,24.579228618,26.799,1.5864029855
6/4/1982,5.695724304,0.6778740495,37.601,10.68834366,26.075,1.2016106376
6/5/1982,29.62016676,0.7484056888,33.669,20.83590306,25.727,1.3226365555
6/6/1982,21.37698828,0.7423068351,33.283,17.56485432,25.583,1.433956236
6/7/1982,30.59263548,0.7283073003,35.136,14.70200139,25.482,1.6896232504
6/8/1982,23.29444584,0.8660292273,28.006,6.07815306,24.944,1.2577764442
6/9/1982,11.05928316,0.787399977,36.324,10.81636533,24.283,1.3134225528
6/10/1982,89.22619548,0.9292882307,25.273,1.039218372,23.785,2.2940237435
6/11/1982,21.06628524,0.7709206865,32.127,15.148009242,22.119,3.038473683
6/12/1982,24.629118012,0.7838920287,31.855,14.865633792,21.796,0.9759273414
6/13/1982,46.412109,0.8425710042,29.258,10.10621664,24.318,1.6026307734
6/14/1982,50.32592496,0.9126061736,25.975,3.584818638,23.469,2.2952225928
6/15/1982,2.5491708,0.713392908,31.124,13.2701094,22.844,2.6607567092
6/16/1982,11.38115412,0.7695167015,32.722,14.55024051,23.717,1.925049829
6/17/1982,12.11757588,0.7682620692,33.922,16.322342868,24.459,1.9406122127
6/18/1982,15.12852588,0.7762407005,33.842,14.73615207,24.229,1.7269120108
6/19/1982,31.84661556,0.8377214676,30.132,18.979259058,24.269,1.9596059328
6/20/1982,14.5276974,0.8145316795,30.386,19.93359312,23.274,2.1228044635
6/21/1982,15.2349507864,0.7664946781,32.967,14.00990751,23.647,1.896998574
6/22/1982,13.901137308,0.7491045721,31.336,20.06550126,24.287,3.4900131605
6/23/1982,4.3490398608,0.7796163389,29.852,6.207804252,24.138,2.9180248764
6/24/1982,3.889847952,0.6870449314,36.52,8.9805933,23.501,3.3452619513
6/25/1982,14.2169915664,0.6798359631,32.986,15.355459728,25.3,3.9074669677
6/26/1982,8.404542576,0.7701070183,30.751,14.8857741,24.523,3.0499236922
6/27/1982,15.21520488,0.8538433841,27.753,5.326989498,23.631,3.0381146215
6/28/1982,10.4730612264,0.8412780231,27.418,6.02258031,23.273,3.0255487689
6/29/1982,0.4428865008,0.6790568747,34.107,14.106654432,23.445,3.3706410165
6/30/1982,6.06307968,0.6788616418,35.977,9.4798143,24.522,2.8486854859
6/1/1983,3.09676896,0.6436675698,37.268,25.79861646,24.837,1.7451173636
6/2/1983,9.89456202,0.7099746809,35.394,16.391584242,26.169,1.3450889394
6/3/1983,26.861571,0.7791838393,33.993,24.789317472,24.687,1.2201819282
6/4/1983,12.491798328,0.7798800981,33.112,22.5018027,25.077,2.1114535345
6/5/1983,29.33349876,0.8480563015,30.466,18.762242688,24.533,2.2536422741
6/6/1983,30.5454264264,0.8095454913,32.047,23.90832756,24.642,2.4567987778
6/7/1983,22.7760318,0.8657541188,29.427,9.369116532,24.926,1.7543325662
6/8/1983,11.77253928,0.9117823119,27.601,10.747862748,24.507,1.6273445084
6/9/1983,9.3692772,0.9210987155,26.85,6.31417815,24.141,1.4471710594
6/10/1983,22.65587316,0.9157716566,28.569,13.934646468,23.894,1.1988196861
6/11/1983,1.58271768,0.8544570851,29.727,11.696177232,23.555,1.4913257377
6/12/1983,0.497817936,0.7388232924,33.365,27.2297817,23.499,2.3366999682
6/13/1983,0,0.6710415848,34.63,27.20620386,25.247,2.5898473303
6/14/1983,9.7847028,0.7186690018,34.999,25.93945044,24.627,1.7328115001
6/15/1983,4.95071964,0.713527696,35.184,27.27219024,25.266,1.3494701846
6/16/1983,4.823687664,0.7186529387,35.906,27.2228634,24.563,1.2487299049
6/17/1983,3.3113500704,0.6919585466,36.427,15.99390396,24.15,1.5082540345
6/18/1983,5.00049648,0.7078686418,36.023,15.60560886,23.614,1.8790538997
6/19/1983,17.76694968,0.7900342184,33.006,19.07302626,25.08,1.7936526072
6/20/1983,33.5769672528,0.8428028165,30.896,24.40670382,24.518,2.247161905
6/21/1983,18.54630792,0.8381694299,31.628,18.0465129,24.599,1.7857386012
6/22/1983,8.0200233864,0.8367524596,31.28,15.368958108,24.786,2.2464582004
6/23/1983,4.367065284,0.8380137933,29.716,15.54187923,23.477,2.4843044729
6/24/1983,14.340591,0.9065214986,27.494,12.2064165,23.804,2.9749929447
6/25/1983,12.46261608,0.8968027042,28.865,14.420416968,23.513,3.6264463594
6/26/1983,10.4576112,0.9401155188,25.777,5.10226812,23.353,2.898603921
6/27/1983,27.85378212,0.9224247957,27.573,17.75576925,23.641,2.8385381929
6/28/1983,30.6518568264,0.9312393767,28.307,15.82813107,23.46,1.8165803202
6/29/1983,2.2985459064,0.8781394756,30.519,18.137638188,23.926,1.4756614023
6/30/1983,5.170437864,0.8437823946,31.008,23.590518768,23.167,1.5060613887
6/1/1984,26.463320856,0.7781437423,34.501,18.65643651,24.975,1.6058931548
6/2/1984,19.15054164,0.8147541526,31.6,25.15421214,24.265,1.7684378799
6/3/1984,22.597509096,0.7945857258,32.016,24.89703516,24.183,1.6679674333
6/4/1984,2.890780956,0.6959883951,38.355,12.210747768,24.341,1.2995306556
6/5/1984,36.79047756,0.863011851,26.575,5.16622914,23.728,1.2748955233
6/6/1984,3.0349749528,0.7755002446,29.918,8.59533759,23.547,1.4210616319
6/7/1984,11.841202116,0.7919060942,30.21,9.01434564,24.596,1.6187559927
6/8/1984,21.2242162464,0.8561996413,30.255,19.61380746,23.466,1.8683655907
6/9/1984,36.20853288,0.8627629101,30.701,18.341094618,24.403,2.1734068758
6/10/1984,44.16159708,0.8823972929,29.891,14.151547332,24.172,2.0515778207
6/11/1984,14.7697465464,0.831628248,33.997,23.158124568,23.839,1.5753520066
6/12/1984,52.27087212,0.8454165261,31.414,21.95442585,24.506,1.368199982
6/13/1984,15.77396016,0.8379834524,32.257,22.4368299,23.557,1.2226146888
6/14/1984,20.61996912,0.8482558569,30.603,24.56363916,23.681,1.7852372548
6/15/1984,12.22571808,0.8240050937,31.434,25.89091596,23.591,2.7842257243
6/16/1984,14.7388392,0.7994827066,30.77,23.0930973,23.696,3.3700856356
6/17/1984,6.87675096,0.7611492409,31.371,16.93906524,24.135,3.4212233588
6/18/1984,10.74256776,0.7068973051,32.945,24.07764339,23.822,3.5514244784
6/19/1984,2.622988044,0.6887563219,34.258,18.6796152,24.216,3.8781828377
6/20/1984,19.2827223,0.8548478835,28.002,12.7865799,24.045,3.2059522996
6/21/1984,22.78289556,0.9136769021,26.952,6.045637572,23.858,3.2696303372
6/22/1984,18.29738484,0.8931157176,27.886,13.18584168,23.487,2.8328464127
6/23/1984,8.53156908,0.8855399712,28.066,11.734429032,23.348,2.242402347
6/24/1984,5.93777016,0.8085422191,29.768,17.5362111,23.588,3.616353158
6/25/1984,18.858721788,0.8130698989,30.451,20.657027232,24.016,3.7230209305
6/26/1984,8.17451586,0.8690607665,27.37,10.9754937,23.216,3.1870033654
6/27/1984,16.4245629384,0.9261632246,26.311,11.60516115,23.425,3.1613252134
6/28/1984,18.992617092,0.9073563435,28.492,16.95662325,23.169,2.2986293176
6/29/1984,18.56003112,0.9052643428,27.35,14.8362723,23.27,3.2728985391
6/30/1984,24.013716372,0.9018741363,28.544,20.980291482,23.35,2.4619460688
6/1/1985,11.635202952,0.6958742841,38.294,14.96892096,23.967,1.3935083739
6/2/1985,19.8552084264,0.7357239236,36.102,21.40683642,24.794,2.0251911675
6/3/1985,16.32328344,0.7485711949,34.793,19.133721,25.496,1.5644080923
6/4/1985,21.61732536,0.8042568638,31.971,19.672030332,25.046,1.9716197157
6/5/1985,9.752084208,0.8128936812,30.766,19.97471304,24.129,1.880940091
6/6/1985,7.252695648,0.7692349726,34.281,21.388501008,23.255,1.96716254
6/7/1985,14.96372292,0.7940544759,32.633,21.908583792,23.907,2.0792837448
6/8/1985,17.4390775992,0.8148346735,31.32,25.3702791,24.253,2.4707329424
6/9/1985,13.70716452,0.7718464055,32.699,20.732800068,24.511,2.9249021899
6/10/1985,17.72060436,0.8306060167,29.52,21.061636488,23.62,2.7060314383
6/11/1985,14.915661948,0.8288615621,31.117,20.89535472,23.72,2.0318354719
6/12/1985,8.4114036,0.8346329813,29.054,14.11931151,24.16,2.5459515741
6/13/1985,11.93733612,0.8311809137,28.717,12.5017848,24.291,3.2803469093
6/14/1985,21.26112012,0.8707870924,28.452,20.7311022,23.721,2.9844895247
6/15/1985,8.4963788064,0.832182452,30.958,18.67415823,23.024,2.8888046971
6/16/1985,5.399610948,0.8329273201,28.892,14.39746695,23.105,3.2210098398
6/17/1985,16.8880451328,0.8344973972,30.572,16.20635724,23.168,2.9445664381
6/18/1985,11.309039928,0.9297191624,25.431,7.794054018,23.44,3.4407508325
6/19/1985,11.4618294,0.9054699885,28.002,9.52155225,23.294,4.0899538572
6/20/1985,19.3840056,0.9287885242,26.28,12.56546736,23.036,3.2581330588
6/21/1985,5.0657274288,0.8805202565,28.572,18.79903188,21.934,2.6572789672
6/22/1985,15.5422292832,0.9163166519,26.755,8.993808792,22.859,2.3612751131
6/23/1985,17.34208776,0.9251509132,25.955,5.755445568,22.97,1.4899035426
6/24/1985,7.84321164,0.8811415768,29.046,15.374307978,22.197,1.8653843732
6/25/1985,5.304337128,0.8310571212,30.976,24.11083215,21.392,2.1485539293
6/26/1985,9.08089056,0.8340371439,30.148,21.9169701,22.887,2.7394806249
6/27/1985,5.4141966,0.7878915242,31.551,25.10229204,22.96,2.8551686423
6/28/1985,6.8321232,0.7582480779,31.632,24.57455778,22.82,3.3872942373
6/29/1985,0.8960724,0.7194238857,31.913,23.50226475,22.48,3.7483603042
6/30/1985,0,0.6441457641,34.25,27.60710904,22.936,3.2364791065
6/1/1986,20.53757268,0.7440886501,31.78,26.1244116,25.027,2.7663883845
6/2/1986,21.406171464,0.8223415122,30.96,26.254916208,23.839,2.5206515637
6/3/1986,11.1820158,0.7658814105,34.541,24.42167343,23.634,2.8719191217
6/4/1986,15.267563712,0.7955970581,32.113,16.45020495,23.713,2.4079281997
6/5/1986,41.71371372,0.8213007196,30.938,25.54357005,24.639,2.0421126502
6/6/1986,19.12135608,0.8603018378,29.871,26.86263642,24.203,1.8421470116
6/7/1986,16.73012124,0.8485671921,30.799,25.29636066,23.866,1.4305581091
6/8/1986,15.96622752,0.8169942253,33.194,21.1395411,24.512,1.0603583108
6/9/1986,7.340243616,0.8196752784,32.919,10.88048934,24.432,1.1108784728
6/10/1986,16.77474558,0.8483347618,30.7,19.06031124,24.477,1.5459944182
6/11/1986,8.280943092,0.8313582452,31.081,18.511711632,24.098,1.8538554829
6/12/1986,11.78627004,0.8035914866,30.426,17.63319636,23.149,1.6215307063
6/13/1986,9.15984828,0.7994835747,31.672,20.34950886,23.871,1.3059521514
6/14/1986,4.943851272,0.7189540975,33.252,26.77191246,23.789,1.6347390865
6/15/1986,2.34832896,0.6908032901,33.641,23.14991475,23.814,1.2660382095
6/16/1986,0.59394852,0.659995388,36.568,15.44191695,24.043,1.5424594756
6/17/1986,18.832972536,0.7755982274,32.811,23.92750692,24.155,1.8387379577
6/18/1986,24.0428898792,0.8519137267,30.8,19.49129766,24.008,1.9642662863
6/19/1986,16.706082168,0.8809767938,28.775,12.435524028,24.472,2.0764643431
6/20/1986,9.38987892,0.8004132357,32.159,15.86582136,23.689,1.9611447861
6/21/1986,5.58243324,0.8209908162,29.951,10.723442112,24.43,1.5707712172
6/22/1986,9.44823888,0.8213427025,30.54,20.49108354,22.879,2.7926749389
6/23/1986,14.74056036,0.899012554,27.432,9.03791682,24.143,2.5249721151
6/24/1986,5.47943328,0.9038141685,26.208,6.629008572,23.747,2.9312035523
6/25/1986,12.2909548104,0.9108489476,28.789,13.820511852,23.387,1.7481748516
6/26/1986,11.1511201248,0.9057497768,29.087,19.793256768,23.236,1.6345119596
6/27/1986,14.0522003064,0.8892852746,29.324,22.4334531,23.513,1.7789455745
6/28/1986,13.564681704,0.8922077678,29.43,19.8968013,24.105,1.8150064016
6/29/1986,0.288391212,0.85207305,31.356,19.28873565,24.338,1.7355575616
6/30/1986,8.826829632,0.8443982662,31.689,23.7460491,24.396,2.0356426246
6/1/1987,4.72755528,0.618369641,36.6,26.00661816,24.995,2.5263904793
6/2/1987,16.9807428,0.673708673,33.439,23.92441884,26.488,1.7536756697
6/3/1987,18.0484776,0.7332624519,33.727,25.329151872,25.165,2.3664576691
6/4/1987,12.10213188,0.7299457875,33.342,23.166677808,25.556,2.5103367178
6/5/1987,1.98440496,0.6755697369,35.974,20.019258792,24.914,2.0728031878
6/6/1987,6.681057984,0.6941539482,35.781,17.14224726,25.448,2.3067926901
6/7/1987,0.51841746,0.6352324718,38.874,14.45198355,24.883,1.53207439
6/8/1987,3.4057642248,0.6293670926,37.922,15.108017832,24.986,2.0261884524
6/9/1987,17.234799264,0.7474683954,35.134,26.626949928,24.876,1.2259046346
6/10/1987,25.34580144,0.789894515,32.309,15.07876605,26.065,1.2963666372
6/11/1987,7.5222028512,0.8390982036,32.141,12.737471958,25.354,1.290626196
6/12/1987,31.5032994,0.8674435754,30.254,21.13621866,25.053,1.9562554935
6/13/1987,18.34201728,0.8148984856,31.846,24.78402486,23.977,2.5706845518
6/14/1987,23.9330292264,0.8108313143,31.776,24.10024887,24.484,3.0223680274
6/15/1987,24.5321365464,0.8579925951,29.819,16.67936466,24.404,3.1281144215
6/16/1987,24.18537636,0.9175112421,27.152,3.89334204,24.58,1.4383347354
6/17/1987,32.52982788,0.9057251479,28.276,10.620230868,23.951,1.9661241067
6/18/1987,11.56139136,0.9143644998,27.384,8.211931938,24.077,2.6310260807
6/19/1987,16.156768284,0.9085914979,27.636,9.52200234,23.672,2.2788966512
6/20/1987,5.28030396,0.877534297,29.011,12.26581551,24.009,2.6526102924
6/21/1987,16.79878008,0.9064888476,28.362,10.98123561,23.682,1.2425116023
6/22/1987,10.9640166264,0.8222889931,33.609,24.13423143,23.281,1.3722723722
6/23/1987,19.90241388,0.8579993572,31.565,17.97047037,24.047,1.5832824334
6/24/1987,18.5050986984,0.8521713383,32.427,20.952452682,25.144,2.1566035077
6/25/1987,30.34629468,0.9201188006,25.648,1.14007437,22.994,1.5852972499
6/26/1987,13.1458248504,0.8894984773,29.157,16.940646198,22.894,1.5938670411
6/27/1987,32.85598788,0.9037201766,28.976,25.25523417,24.007,2.1265146499
6/28/1987,23.37341724,0.893365384,29.568,25.48597131,23.298,2.1970387352
6/29/1987,13.252253688,0.8686686863,31.071,22.422825,23.641,2.1882898459
6/30/1987,18.82094688,0.8684005088,29.422,17.34396174,23.878,3.0565347898
6/1/1988,5.56182756,0.5881503739,32.576,16.15168404,26.695,3.9779974373
6/2/1988,0.3742218,0.5404107222,36.273,11.39895279,26.642,4.3637451245
6/3/1988,6.2295908688,0.5752302632,34.954,10.77418557,27.127,2.7987137413
6/4/1988,1.6376497488,0.6632303847,31.695,8.480194668,25.536,1.4772253014
6/5/1988,11.34853236,0.8219402492,28.919,10.461424482,24.695,1.7335084215
6/6/1988,64.3043952,0.9344890991,24.937,1.11178179,23.916,1.2879784288
6/7/1988,48.80161134,0.9464473606,25.13,2.28414366,23.189,1.368344864
6/8/1988,11.821462632,0.724081801,36.957,24.3874746,22.53,1.0963049633
6/9/1988,28.46317032,0.8148199522,33.173,26.29670112,24.611,1.2127267673
6/10/1988,16.1464700952,0.7930041914,32.928,22.82068386,24.972,1.5474949033
6/11/1988,41.56608996,0.8973015544,27.972,5.075665128,24.612,2.4016712439
6/12/1988,53.02617588,0.8829803723,28.677,12.392047422,24.284,2.3931592251
6/13/1988,19.4148964224,0.8203234255,30.594,20.06617563,23.487,2.7031957378
6/14/1988,14.498521308,0.8110869376,31.005,23.20481466,23.917,2.9620068363
6/15/1988,31.884388812,0.8582152857,29.992,20.70927846,23.048,2.1902475369
6/16/1988,35.418881556,0.9062771789,27.866,8.259355368,23.887,2.7639056719
6/17/1988,16.807367304,0.8237402082,30.221,21.37072032,23.653,2.2308106542
6/18/1988,24.5252620656,0.8483455067,29.91,25.04908386,22.899,2.2294090521
6/19/1988,25.5242994048,0.8585000038,30.228,24.35034591,23.51,2.0661171855
6/20/1988,19.5779841912,0.8573985283,30.324,22.455385668,24.09,2.1123129866
6/21/1988,15.7104477864,0.8478545998,30.829,19.26219501,24.501,1.419995832
6/22/1988,7.39517472,0.7754117466,32.542,25.4361924,24.57,2.145981931
6/23/1988,24.25059972,0.8028500127,30.986,26.45308134,23.742,2.6765855315
6/24/1988,17.8167358656,0.7808799483,33.46,24.14885634,23.859,2.9969972905
6/25/1988,19.88010108,0.7788732197,32.929,25.19156439,23.489,2.2238851555
6/26/1988,15.10276968,0.7719894705,34.126,24.58299609,23.341,1.7579311267
6/27/1988,13.9740966,0.7737521842,33.67,20.28009375,24.544,1.5281600997
6/28/1988,33.43620204,0.8555013478,30.879,25.35412617,24.053,1.8401649151
6/29/1988,35.0326597464,0.8761253038,30.304,22.4308098,24.21,1.8070857594
6/30/1988,19.382281848,0.8587224351,30.307,19.721028168,23.935,1.3225505181
6/1/1989,13.2007644,0.7601778209,35.269,22.520479932,24.732,1.2795843025
6/2/1989,4.004858268,0.6956302397,35.709,18.85173066,24.096,2.0376128349
6/3/1989,1.196479836,0.6705576486,36.088,15.745956192,23.921,1.8808171222
6/4/1989,9.14783364,0.6759300721,37.08,13.954445568,24.018,1.4202694953
6/5/1989,9.95979168,0.7342618591,33.498,24.795111672,23.973,1.8861667295
6/6/1989,16.41940884,0.7639104784,34.269,27.223876008,24.117,1.3404074401
6/7/1989,27.301021632,0.7843051517,33.819,23.954512032,25.311,1.8282932269
6/8/1989,24.09610428,0.8689758042,28.581,6.22586034,24.574,1.9148905348
6/9/1989,35.754461568,0.8642241726,29.646,12.07974231,24.127,3.0841026126
6/10/1989,5.06916108,0.768984002,31.004,14.839425522,23.477,2.5424228752
6/11/1989,9.36241236,0.7539507392,31.95,19.68395679,23.87,1.8491077346
6/12/1989,0.128746332,0.6616738979,39.937,21.60224838,23.11,1.4022192033
6/13/1989,3.649520268,0.7666976457,30.191,11.063253222,24.028,1.2739595504
6/14/1989,10.0250244,0.7255689094,36.383,18.603676728,22.288,1.3649763842
6/15/1989,10.75115052,0.8107837305,30.042,10.132319988,25.171,1.3749558818
6/16/1989,28.015135272,0.8389304676,30.511,22.009221,24.272,1.8139498401
6/17/1989,13.0187958264,0.8017473318,31.429,23.9175027,23.863,1.6141036037
6/18/1989,8.4586148784,0.7262264797,32.187,12.81988035,23.798,1.7705032707
6/19/1989,1.9011528,0.6485209281,37.003,23.998779,24.158,1.9841650502
6/20/1989,17.0854542,0.7629098847,33.203,27.19406124,24.289,1.9055003378
6/21/1989,2.610968328,0.7029241786,36.573,12.61457001,23.991,1.7389517757
6/22/1989,13.64880024,0.7434597077,33.935,18.08831106,24.869,2.4360421361
6/23/1989,23.32706832,0.8350270757,30.583,25.6034781,23.968,2.7965377828
6/24/1989,29.54291328,0.8733281813,29.901,24.46728336,23.658,2.6965517901
6/25/1989,36.00940644,0.9402084301,25.48,3.892049928,23.326,2.3584550535
6/26/1989,13.9800978,0.9321425965,26.872,10.232489952,22.983,2.1055960279
6/27/1989,13.6814086728,0.8996733667,28.712,22.238325432,22.859,1.6344781035
6/28/1989,7.73678196,0.8122543878,33.657,24.975117,22.708,1.1327198919
6/29/1989,4.370501088,0.8425368927,31.046,16.60741686,23.937,1.2901723206
6/30/1989,8.31699432,0.8708648881,29.215,25.15235778,24.161,1.6424637046
6/1/1990,18.68791536,0.8181072517,29.713,7.395918372,25.638,1.916010865
6/2/1990,15.80486148,0.7416061854,33.929,24.307982568,24.506,2.0512273727
6/3/1990,34.88673852,0.8367103875,32.087,19.49799285,25.382,1.0435164373
6/4/1990,11.3622668928,0.7919852668,32.981,17.02827594,25.101,1.2966719545
6/5/1990,18.47591856,0.8020255353,33.32,17.795360232,25.71,0.9208054904
6/6/1990,14.5174047984,0.8202830917,33.044,16.038000882,25.456,0.8308434922
6/7/1990,26.69849208,0.827337636,31.017,24.8924835,25.287,1.2477224459
6/8/1990,6.8183892,0.8266380699,30.676,16.26766425,24.968,1.7645928422
6/9/1990,39.43402092,0.8552638474,30.439,25.9346241,24.917,2.5534035043
6/10/1990,32.31353484,0.8227947253,33.199,25.424098632,24.13,2.4859107213
6/11/1990,27.80741772,0.887596238,28.939,15.151952268,24.748,2.4955880591
6/12/1990,25.132938516,0.8941031474,28.639,16.27779276,24.335,2.0557652268
6/13/1990,5.437374912,0.8077334853,29.298,8.151135372,24.107,3.1506335791
6/14/1990,1.0849014,0.6254073313,34.15,17.944534512,25.097,3.9013341764
6/15/1990,33.075720072,0.8755179138,26.462,3.544424532,23.562,4.0763046918
6/16/1990,34.261902,0.9189594003,25.549,6.141490938,23.338,3.9374039174
6/17/1990,11.04126624,0.9072134227,27.051,7.82578386,23.572,3.1850822346
6/18/1990,4.37049756,0.7751091153,33.588,26.51838858,22.724,3.2068088964
6/19/1990,2.926825056,0.7406429747,34.166,21.874720968,23.961,3.1949798332
6/20/1990,42.600327984,0.8580380464,29.875,18.1661094,24.439,2.3806929517
6/21/1990,50.2607556,0.933810134,26.341,3.06433116,23.636,3.2231143648
6/22/1990,27.8434728,0.9458939368,25.404,3.697201008,23.316,2.5683545578
6/23/1990,6.3154273032,0.9265500285,27.058,3.58852302,23.95,1.8164544312
6/24/1990,20.762442,0.904642713,28.959,15.55909146,23.726,2.3613886008
6/25/1990,35.40857976,0.9211304631,28.659,17.549151768,24.443,2.2322423846
6/26/1990,20.62855224,0.9084227181,29.105,22.1685732,24.304,2.2221207984
6/27/1990,38.1234240144,0.9115539715,28.845,23.6373228,23.929,2.1417444493
6/28/1990,10.854147636,0.8809213568,29.209,20.08805256,23.201,2.2227962386
6/29/1990,7.035543216,0.7822652556,31.786,25.06005108,23.119,2.3308232602
6/30/1990,16.4365812,0.8284932918,30.081,25.32324456,22.956,2.4043284364
6/1/1991,2.5646206248,0.6402784303,35.932,13.89065778,26.453,2.2178275167
6/2/1991,0.854873676,0.6310088517,36.919,19.313379648,24.952,3.3956274093
6/3/1991,1.270294632,0.5849321012,37.867,11.45373354,26.94,1.7413747022
6/4/1991,8.16765048,0.6628739294,39.87,14.96991726,25.521,1.4864440565
6/5/1991,28.3000968,0.7776595625,32.079,21.10505526,25.342,1.6283794059
6/6/1991,7.079321844,0.816103195,30.84,16.37994978,25.03,1.8215934225
6/7/1991,31.376227284,0.8775938665,29.588,15.95508156,24.743,1.755282561
6/8/1991,9.486013212,0.8759142443,28.664,9.76972266,24.066,1.9032340149
6/9/1991,19.55566404,0.9184390919,27.971,4.206151818,24.635,1.1731814586
6/10/1991,6.26220684,0.8769360121,29.154,10.028313522,24.597,1.9868944604
6/11/1991,7.30590516,0.8829919506,28.723,9.4048281,23.9,1.5531718394
6/12/1991,23.905567404,0.9168492418,24.334,2.434330962,22.175,2.1117030183
6/13/1991,0.0617981112,0.7771260267,31.204,17.053822242,21.788,2.0470859463
6/14/1991,2.241895968,0.7770321238,30.091,6.67777284,22.268,1.1844873381
6/15/1991,14.416119,0.808822884,32.941,26.6708808,24.381,2.512123845
6/16/1991,20.56502916,0.9142983533,27.109,6.3542268,24.25,2.4123831415
6/17/1991,25.126077384,0.8780560882,28.6,14.40219429,23.871,2.4472296622
6/18/1991,6.760024236,0.8293951245,29.403,22.04769627,23.349,2.6389713666
6/19/1991,0.82740798,0.7417166663,34.084,25.01426187,22.363,2.4224318608
6/20/1991,10.958865876,0.8170751733,31.515,24.17574186,22.898,1.6936014834
6/21/1991,23.888397744,0.879612299,29.736,21.6855558,23.382,2.5194973338
6/22/1991,14.5156885704,0.8547800294,30.312,24.48529056,23.992,3.1027814146
6/23/1991,19.708444764,0.8567850835,30.141,20.68239132,23.671,3.5053191601
6/24/1991,22.78635282,0.8872536043,28.918,16.8357951,23.488,2.6813227685
6/25/1991,7.532504496,0.8440512662,29.795,19.51413957,23.11,1.515700555
6/26/1991,3.5774217,0.7294767441,35.36,22.79615364,23.446,1.4104744537
6/27/1991,3.40232724,0.6916533165,37.998,18.35144226,23.447,0.9658095586
6/28/1991,1.3870243368,0.7297662782,34.462,17.2808496,25.239,1.1987596253
6/29/1991,10.56060612,0.7657929625,32.582,26.34058485,23.075,1.7402800368
6/30/1991,99.9999999999,0.9369810412,25.817,2.57821821,23.772,1.5821317952
6/1/1992,20.980453464,0.769860746,32.255,26.108151768,25.409,2.1209451764
6/2/1992,7.83462672,0.7479724338,36.743,26.991054792,24.606,1.9408612543
6/3/1992,0.044631972,0.6969904338,36.562,20.080573848,24.655,1.8299336739
6/4/1992,1.935481932,0.6363371473,37.399,21.417244992,24.576,1.7688061803
6/5/1992,3.769681896,0.6356915754,36.806,18.983419992,24.993,1.4977624859
6/6/1992,4.248621072,0.6347751234,35.918,26.327259072,24.728,1.6909421543
6/7/1992,0.0068664528,0.5608321865,38.916,21.28944852,24.813,1.7443392192
6/8/1992,2.85987672,0.582366744,38.872,14.909795568,25.396,1.4872137756
6/9/1992,18.3257172,0.7367275697,34.368,20.03766084,25.281,1.683208353
6/10/1992,78.7196196,0.9066412229,27.803,6.611116878,24.344,1.7994879811
6/11/1992,27.00918396,0.8664723001,31.264,23.96801151,24.139,1.0005657399
6/12/1992,23.5605317328,0.85794447,30.893,21.99661686,25.246,1.1925509075
6/13/1992,15.7224636,0.8379434746,32.616,22.99910634,24.496,1.3677152414
6/14/1992,19.30846932,0.8757538352,30.224,20.30725269,24.662,1.3314735186
6/15/1992,16.774749252,0.8486030908,34.095,22.933749168,24.609,1.325755034
6/16/1992,19.7256059064,0.9107061518,27.61,7.282295208,24.979,1.4479691996
6/17/1992,24.1132726152,0.8760822507,30.343,24.10369065,24.194,1.5204632593
6/18/1992,16.0237278,0.8983749432,28.82,16.84305522,23.926,2.4057000645
6/19/1992,45.67563648,0.9159933457,27,8.84756925,23.835,2.079678801
6/20/1992,23.68584648,0.9333588174,26.104,3.836304,24.059,3.3021795484
6/21/1992,21.6645352344,0.8683618326,30.087,19.93640895,23.564,2.0370587139
6/22/1992,25.21877256,0.896185335,28.756,10.32277401,23.971,2.133246012
6/23/1992,24.461754084,0.908247878,28.222,12.199844538,22.871,2.283446832
6/24/1992,8.3006887392,0.8937026371,27.893,6.176475792,24.096,2.4377116077
6/25/1992,22.8155124528,0.8901685173,29.236,14.103901818,24.216,3.2657187265
6/26/1992,14.192963136,0.8715507213,29.252,14.325131718,23.958,3.7659478106
6/27/1992,23.4197622864,0.8915576061,28.317,13.278773232,23.178,4.2817254907
6/28/1992,6.30340542,0.8413579167,29.494,23.07965805,22.957,3.7736439282
6/29/1992,0.243759384,0.7611851636,32.005,25.73966349,23.02,3.114012565
6/30/1992,0.945854172,0.7389588318,33.537,26.91495441,23.217,2.5894909962
6/1/1993,0,0.5663401198,38.158,16.863132528,25.575,1.7375173102
6/2/1993,2.4925221,0.5416514737,39.428,19.298752488,26.804,1.6978542723
6/3/1993,1.232528112,0.5610189864,40.842,20.48146974,26.152,0.983278689
6/4/1993,1.5844355424,0.6408856351,38.63,14.289746328,25.759,1.5467761973
6/5/1993,14.6530188,0.7290035983,35.419,20.89827729,25.084,1.6197878697
6/6/1993,6.6793423464,0.75521374,31.134,4.724662428,25.99,1.3430022265
6/7/1993,25.36469928,0.8185633438,31.314,24.26877837,25.611,1.7250138438
6/8/1993,14.738846076,0.7846160039,33.501,21.24675144,25.103,1.7354153401
6/9/1993,20.122143012,0.8272760309,31.549,24.20482275,25.062,1.3374152741
6/10/1993,19.90069452,0.8222566628,31.539,23.02486605,24.645,1.3283283515
6/11/1993,19.1848777992,0.8106665539,32.451,23.45590836,24.555,1.6107233216
6/12/1993,29.65794408,0.8704243484,29.548,25.58958498,24.746,1.4122808382
6/13/1993,6.6278466,0.8177148922,33.296,27.170776368,23.903,1.384829123
6/14/1993,17.406460584,0.848882665,32.893,25.65578448,24.094,0.9684254083
6/15/1993,8.04919932,0.8753831704,29.61,17.92130508,23.839,1.4657577372
6/16/1993,2.4015435768,0.7942270861,34.586,21.844462392,23.301,1.1358545254
6/17/1993,5.5618294392,0.8006762135,32.313,25.3893438,23.369,1.2748549442
6/18/1993,13.52176956,0.844627639,32.469,26.82157995,23.466,1.613472254
6/19/1993,9.5066073864,0.8293782118,33.039,23.44876875,24.116,1.5202873194
6/20/1993,16.9258055976,0.8447349615,33.48,21.171995532,24.781,1.4088099318
6/21/1993,27.54135288,0.8808235769,30.143,25.36188714,24.685,1.6282620418
6/22/1993,82.26696888,0.9281119254,26.286,6.21230859,23.459,2.5335618266
6/23/1993,11.3348017728,0.9155022289,27.803,15.8719509,22.92,2.1835304389
6/24/1993,10.816380396,0.9178557405,27.572,17.497407132,23.325,2.6425040704
6/25/1993,13.40332272,0.8954912585,29.537,24.00671736,22.942,1.9087511133
6/26/1993,5.5480938192,0.8287474172,31.896,25.15684851,23.676,2.0621667507
6/27/1993,27.690704136,0.8949757516,29.639,18.78007914,23.981,2.4304637321
6/28/1993,16.053771672,0.8868989834,29.482,22.35560706,24.254,2.856982063
6/29/1993,15.10448328,0.8827381632,29.847,24.05396736,23.67,1.3327125962
6/30/1993,6.91795224,0.8435791995,30.56,20.53963404,24.702,1.116615074
6/1/1994,14.021300124,0.801639006,32.45,21.17705346,25.269,1.7369947634
6/2/1994,18.604661112,0.8160034044,31.496,25.497681912,24.882,2.5235569975
6/3/1994,17.62963308,0.8019019722,32.19,25.9860942,24.32,1.6448917021
6/4/1994,14.48135028,0.8050826999,32.191,22.427386632,24.991,1.738726948
6/5/1994,11.45667672,0.7582171477,32.81,21.6353277,25.15,1.4224128312
6/6/1994,14.234166144,0.7574062488,34.722,24.27845625,25.756,1.3594633516
6/7/1994,15.9507785304,0.8644513328,27.699,5.085729792,24.637,1.6245662189
6/8/1994,38.857281012,0.9231527373,27.573,4.01968179,24.504,1.1229121989
6/9/1994,10.409549184,0.8783436444,29.792,20.07033678,23.892,1.5296851048
6/10/1994,14.71137768,0.8886099618,29.518,18.35921304,24.357,1.2357479516
6/11/1994,12.6892050264,0.8159325707,33.003,25.575018048,23.97,1.5380100969
6/12/1994,18.879315732,0.843376004,31.063,26.64011178,24.273,1.3285429588
6/13/1994,21.946913532,0.8281648437,31.658,22.3189362,24.806,2.0124449525
6/14/1994,21.7426347,0.8473722979,31.228,21.79551888,24.008,1.3350805262
6/15/1994,13.2385251312,0.8512851581,30.984,19.961892972,24.401,1.7943693511
6/16/1994,14.780043,0.8439129906,31.128,26.9325531,23.688,2.2247154396
6/17/1994,8.061221304,0.8259996363,31.557,21.31154622,23.057,2.6678437675
6/18/1994,17.0700102,0.8326035462,30.127,21.43259946,23.226,2.3710919932
6/19/1994,8.35819776,0.8341185795,29.362,17.6612103,23.991,2.1514760938
6/20/1994,3.98426022,0.8191620456,30.417,13.46743287,23.861,2.3387076581
6/21/1994,9.73662732,0.8252385679,31.924,20.60144874,23.531,2.2732101108
6/22/1994,17.12151,0.8857956732,28.711,14.2850817,23.795,2.1956124993
6/23/1994,15.154257024,0.8549501009,32.005,19.71343026,23.509,2.1806662411
6/24/1994,27.117340164,0.8927997941,28.893,18.2321487,23.772,2.2723842249
6/25/1994,12.304686816,0.8788894793,28.843,18.418496868,23.302,1.8699887155
6/26/1994,9.51175584,0.8152639296,31.968,24.90738984,22.76,1.8985259555
6/27/1994,10.522839744,0.8207435372,32.469,21.3536349,22.898,1.6876844475
6/28/1994,48.341559852,0.8944287142,29.111,16.705858752,23.851,2.1677767254
6/29/1994,27.434914884,0.9433817257,25.889,5.99231358,23.733,2.0967426037
6/30/1994,19.008064764,0.9104752705,28.607,25.85930319,23.37,2.2782965218
6/1/1995,1.42135614,0.6820700745,37.283,15.5158803,25.232,1.6136272097
6/2/1995,28.212551856,0.8034228715,31.948,25.21958094,25.275,1.6191449678
6/3/1995,12.0798136584,0.7835893261,33.855,25.25422599,24.495,1.3951240808
6/4/1995,15.786838656,0.7882978424,33.49,27.021376728,24.672,1.8491540281
6/5/1995,18.808934832,0.810799998,32.385,23.936963418,25.323,2.2251263093
6/6/1995,13.54923,0.7385592894,35.874,21.49379352,25.486,1.948103571
6/7/1995,3.196334016,0.656676058,36.806,17.55478008,25.245,2.1426450617
6/8/1995,0.698661828,0.6474714268,37.111,14.7739464,25.416,2.1906178006
6/9/1995,15.5267712,0.7587757495,33.744,23.46271614,25.431,2.1252644994
6/10/1995,5.237387136,0.7258611251,34.661,24.9280911,24.602,1.8497308313
6/11/1995,7.00550568,0.7153931303,32.683,26.3760165,24.561,1.7858053888
6/12/1995,0,0.6312064036,38.066,16.06381974,24.935,1.7878630124
6/13/1995,1.67026572,0.6255560717,40.824,13.9646277,25.568,1.3332882391
6/14/1995,12.620551068,0.6775424326,36.841,25.66034352,25.594,1.1569611126
6/15/1995,4.3327332,0.7020814376,36.381,26.5226616,24.778,1.6312977713
6/16/1995,6.95571912,0.799683348,32.589,10.56206151,25.933,1.8021665442
6/17/1995,5.68027152,0.7334412589,34.464,24.70173444,24.403,1.6696579716
6/18/1995,30.32226684,0.8473842827,32.724,24.62720004,25.014,1.4465683852
6/19/1995,7.8174608256,0.8269490936,32.478,25.8851817,25.304,1.8724805564
6/20/1995,2.1320342856,0.7355421014,35.604,20.2082058,24.318,1.6353295892
6/21/1995,2.1200165064,0.6968497774,39.169,19.78177752,24.374,1.4840743893
6/22/1995,2.55260466,0.6506709256,34.207,17.382093408,25.454,2.0365556852
6/23/1995,21.05598708,0.7677832139,35.023,25.33477347,24.94,1.4657209956
6/24/1995,12.9158051904,0.8540005466,30.179,20.3271768,24.738,2.0315205371
6/25/1995,19.53678294,0.8754058764,30.287,21.32116794,23.612,2.1559294288
6/26/1995,13.96723104,0.8602926662,30.719,19.636880418,24.147,2.5391539245
6/27/1995,9.570120336,0.8793414283,29.924,16.76981565,23.769,2.0126503132
6/28/1995,17.413330824,0.9088619245,28.558,4.87962783,23.998,1.3870020767
6/29/1995,14.0007011184,0.8765222964,31.053,16.48546749,23.607,1.7058610493
6/30/1995,22.95971226,0.8857633767,29.769,19.87503534,24.075,2.2501016804
6/1/1996,0.18196092,0.6984071984,34.677,24.8549625,24.917,1.6070278332
6/2/1996,3.41777556,0.699560357,33.364,25.446321792,24.182,1.6176603842
6/3/1996,1.71489834,0.7170022596,34.013,16.36937064,24.365,1.9756085052
6/4/1996,1.37329128,0.6713908457,34.176,27.569248128,25.15,1.927099823
6/5/1996,0,0.6037150192,38.489,21.1562469,23.813,1.7433875519
6/6/1996,7.83376524,0.6862543002,32.677,26.797162968,24.995,1.5784043153
6/7/1996,7.97452956,0.7778704788,32.068,27.406579392,24.384,1.8076183523
6/8/1996,1.038551544,0.7150340024,35.217,18.2337741,24.004,1.6930078944
6/9/1996,0.4909518,0.6237088256,35.077,22.653565272,23.81,2.1165669641
6/10/1996,0.061798104,0.6311892941,35.01,15.76417302,24.056,1.8522637982
6/11/1996,8.718678684,0.7178079045,32.32,21.4588692,24.609,2.2355667772
6/12/1996,2.16636624,0.7258157916,32.832,24.4832607,23.937,2.2035307298
6/13/1996,8.843992452,0.7680052278,32.201,27.22679334,24.099,1.9621931855
6/14/1996,27.8966760192,0.8824364652,30.654,24.41356857,24.125,1.5489303303
6/15/1996,14.99978376,0.8229379342,35.068,19.679800068,24.728,1.0648247003
6/16/1996,12.9896143344,0.8672650231,30.346,20.47331223,24.713,1.4912726782
6/17/1996,8.8491484224,0.8922509856,27.884,9.1952469,25.082,1.522012821
6/18/1996,23.9707928592,0.8898226096,29.736,21.402675,24.514,1.5530683149
6/19/1996,0.8703231336,0.8132567517,30.522,23.15632428,23.33,1.7139983791
6/20/1996,8.468057916,0.8259639132,30.864,19.67681763,23.393,2.000910977
6/21/1996,10.919381544,0.8268690421,31.415,20.80990764,23.174,1.4641434757
6/22/1996,0.640297296,0.8253315871,31.271,16.992848808,24.67,1.2780236789
6/23/1996,23.0558436792,0.8828288052,28.815,19.17522801,24.246,2.1911593574
6/24/1996,19.5831293328,0.8782707246,30.015,22.0222665,24.457,1.6538538161
6/25/1996,19.7410574376,0.8888960857,29.265,23.86191798,23.994,1.6741926582
6/26/1996,4.03747668,0.7776825374,34.625,25.80884721,23.371,1.4247106624
6/27/1996,3.8469294648,0.7895617878,34.671,18.19046349,23.717,0.9831409085
6/28/1996,12.49694784,0.7733602274,33.226,27.13016025,23.815,1.1696854759
6/29/1996,4.2245838,0.7271170384,34.036,27.16211943,23.679,0.974297551
6/30/1996,3.52420632,0.7098483428,35.623,25.87662117,24.064,1.2642543285
6/1/1997,16.707808296,0.8646403176,30.183,25.603371,23.669,2.9783451239
6/2/1997,20.885185332,0.868343959,30.221,27.027171648,23.504,2.7359048599
6/3/1997,28.1026476,0.8810660691,29.497,23.51699946,23.716,2.8582018485
6/4/1997,27.91385928,0.8810682314,29.475,24.5503152,24.015,2.8612272461
6/5/1997,12.2205637872,0.828422471,31.089,25.479729,23.803,2.2469143313
6/6/1997,22.6060908264,0.8788459085,29.115,21.7171629,23.952,1.8129170823
6/7/1997,15.58513944,0.8668624,29.788,22.011188418,24.27,1.7398730829
6/8/1997,7.6217658264,0.8354131477,32.27,24.411988332,23.377,1.6240766055
6/9/1997,0.31757364,0.7590440003,33.581,27.859721112,22.332,1.5076008972
6/10/1997,4.3859466,0.7660207762,32.578,27.521099208,22.898,1.5276727789
6/11/1997,0.61969752,0.7338048416,35.19,27.704984472,22.367,1.2770841718
6/12/1997,0.892639044,0.7268438425,35.904,23.15075544,23.438,1.3553963189
6/13/1997,0.034332264,0.6961395059,36.197,27.581230008,23.074,1.2008894416
6/14/1997,2.238464628,0.7095562995,34.694,26.466699528,22.988,1.4949976811
6/15/1997,0.048065184,0.68010648,34.936,27.44898984,23.335,1.8696373336
6/16/1997,0.1613619,0.659331916,35.186,26.23904631,23.387,1.4869357591
6/17/1997,2.7912114,0.6957639134,35.095,19.99732581,24.717,1.5543779179
6/18/1997,3.7267704,0.8044572097,31.27,27.31224231,23.094,1.4497031954
6/19/1997,7.299043128,0.7303662353,35.724,24.44158719,23.308,1.6052105702
6/20/1997,11.3862966264,0.8095375422,30.654,22.279157082,24.588,2.2624415646
6/21/1997,6.826974876,0.7859806805,32.511,25.246912032,24.286,1.8079353263
6/22/1997,15.9997014,0.8707493119,29.643,25.65567522,23.775,2.047117905
6/23/1997,6.5171276928,0.8210948023,32.158,25.18829802,23.366,1.9386412292
6/24/1997,6.693080436,0.8118731576,31.928,27.1306728,23.832,2.118416735
6/25/1997,14.33544462,0.8441842704,30.915,26.89362972,23.259,1.95347617
6/26/1997,15.408323676,0.8654086317,30.497,22.60597284,23.487,2.1048717169
6/27/1997,12.9595783896,0.8608523534,30.6,22.5326826,23.442,2.3141887045
6/28/1997,22.2962283864,0.8825548262,30.297,19.2745152,24.092,2.3436252987
6/29/1997,15.26928048,0.909930509,29.015,18.577972332,23.684,2.0119415657
6/30/1997,13.42048536,0.8897230341,29.907,23.38268454,23.551,1.4379061452
6/1/1998,10.76660928,0.8072633729,33.92,20.987940672,24.845,1.4732400021
6/2/1998,17.5025910384,0.8274632892,31.771,24.08162904,25.641,1.6186018502
6/3/1998,8.0852541048,0.7799947574,32.931,27.10355904,25.363,2.0089851594
6/4/1998,10.92710178,0.743623138,34.717,27.03622356,24.853,1.9891680658
6/5/1998,22.15805328,0.767515828,35.236,22.96440099,25.933,1.5328607721
6/6/1998,38.67271776,0.9177364369,27.21,1.22518062,25.689,1.1065523988
6/7/1998,19.6998642,0.802568098,33.037,27.16340472,24.344,1.566610509
6/8/1998,26.085666204,0.787780422,34.42,18.991519092,25.438,1.918997532
6/9/1998,21.24653274,0.854379737,30.68,25.88703336,25.111,1.585896265
6/10/1998,12.1707868464,0.8793097297,31.526,24.17591736,24.602,1.2196898286
6/11/1998,6.9351206904,0.7994342886,32.642,26.33945418,24.044,1.1066994351
6/12/1998,2.049637356,0.8034477832,31.784,17.579983752,25.105,1.3219057769
6/13/1998,11.53907658,0.8674201662,30.339,26.20068759,24.566,2.0849887019
6/14/1998,22.47905448,0.8833967123,30.66,26.84019726,24.93,1.5318034646
6/15/1998,10.34431128,0.8247831326,33.916,25.82313606,24.364,1.2674550774
6/16/1998,15.59886732,0.8291571679,33.149,26.118171,25.206,1.9346847653
6/17/1998,21.5452219104,0.8589118319,31.208,18.64951506,25.673,2.1257037312
6/18/1998,19.58742396,0.8631058378,30.309,26.56878714,24.632,1.9847325218
6/19/1998,17.72746722,0.8490245583,31.61,25.67497896,24.604,1.3115228635
6/20/1998,30.42183492,0.8457855232,32.327,26.01624474,24.663,1.3616884916
6/21/1998,19.65694608,0.8598456487,31.727,23.7186054,24.822,1.4864836154
6/22/1998,12.1295873592,0.8486568213,31.298,25.1241192,24.715,1.4656522247
6/23/1998,8.1710779968,0.8614871107,30.843,24.499793268,24.333,1.4119691803
6/24/1998,13.3166345328,0.8660560243,30.387,25.66957374,24.335,1.9382861753
6/25/1998,6.6450160656,0.8273168841,31.973,24.65915814,24.249,2.0455874007
6/26/1998,10.67733396,0.8595097294,31.655,24.48286749,24.052,1.8042696381
6/27/1998,28.9661409,0.921719455,29.098,21.26103516,24.339,1.3583887518
6/28/1998,15.0220889784,0.8995132602,29.923,17.606590632,24.099,1.6678662887
6/29/1998,26.7191421048,0.9002532934,29.891,21.79906956,24.342,1.8394322318
6/30/1998,15.6666762,0.8796613742,30.905,18.49077576,24.038,2.141125342
6/1/1999,7.599453984,0.8510354755,30.588,25.55527842,23.775,2.5983987452
6/2/1999,19.1230786368,0.8741181338,30.374,21.083788008,24.428,2.947895377
6/3/1999,1.6016008752,0.8698693932,28.694,19.996424928,23.932,3.3789586937
6/4/1999,14.646145176,0.9073233257,27.435,9.87255198,23.805,2.9492413422
6/5/1999,45.9211446,0.9544707924,25.444,3.69934128,23.546,2.9268107575
6/6/1999,18.5136786,0.938143932,26.172,13.050445968,23.465,3.2565227888
6/7/1999,11.108207916,0.9019806037,28.338,22.87626543,23.395,3.2824832996
6/8/1999,14.33973888,0.9072671023,28.751,19.86772572,22.727,2.6187836802
6/9/1999,14.7362724,0.9059126613,29.048,22.6638459,23.496,1.9460835038
6/10/1999,9.9091503864,0.901235902,29.266,24.204768732,23.281,1.5390679011
6/11/1999,5.9901248448,0.861839386,30.009,24.65459622,23.985,1.8533997677
6/12/1999,29.7368972064,0.8681646466,30.035,22.85949834,24.337,1.7693489967
6/13/1999,23.0352264,0.9052711222,29.195,23.257739232,24.153,1.9061848398
6/14/1999,11.9304666792,0.9098026948,28.151,17.71329348,23.303,2.1969711109
6/15/1999,19.638057708,0.9210230808,28.776,18.705544272,23.393,1.7739568762
6/16/1999,17.2622664288,0.9070670704,28.893,20.3198661,23.362,2.4145636802
6/17/1999,28.39710888,0.9158597851,28.235,23.97808548,23.63,2.2346209472
6/18/1999,28.082078172,0.930857243,27.685,15.85698714,22.826,2.5282393901
6/19/1999,12.77503632,0.9413117171,25.869,3.0924018,23.814,2.5397707558
6/20/1999,5.17559004,0.8433004328,31.591,22.817979108,23.58,1.9856007433
6/21/1999,0,0.8031038874,31.743,27.61154496,22.765,1.982499651
6/22/1999,0.048065184,0.7817884977,31.975,27.56577114,22.46,2.3566000761
6/23/1999,0.6334304184,0.783566215,32.384,27.90202104,22.166,2.6126120531
6/24/1999,2.15435016,0.7859699239,32.798,27.65998458,21.965,2.337924086
6/25/1999,10.558892916,0.8397740648,31.978,27.24064875,22.861,2.1326941064
6/26/1999,17.3635467624,0.8773773116,30.15,16.829380332,23.681,1.7169979511
6/27/1999,20.0981107728,0.8644881082,31.201,24.2827839,23.323,1.1287533076
6/28/1999,10.6086745584,0.8669299618,32.175,23.9609781,23.581,1.1243332759
6/29/1999,21.9803806728,0.8961111732,30.518,25.23826008,24.153,1.4326807601
6/30/1999,25.44365268,0.904461196,28.81,23.3593866,23.888,2.273517818
6/1/2000,26.04446334,0.9128773766,28.177,11.470893228,24.273,2.1016196873
6/2/2000,41.3429278464,0.9139085254,28.254,18.77135652,23.816,1.8183183427
6/3/2000,55.146222,0.9517430762,25.144,2.879720658,23.477,2.1065668547
6/4/2000,0.8514399024,0.8605416307,30.789,19.084615668,23.007,1.6287821159
6/5/2000,9.096334884,0.8093039717,34.235,23.94006228,23.508,1.0503877998
6/6/2000,6.845853744,0.7735211177,33.749,25.55510688,24.786,1.5363033939
6/7/2000,9.798435144,0.7573693192,36.062,26.72431704,24.747,1.0503114795
6/8/2000,6.770325816,0.8183146908,32.227,25.73999982,24.512,1.4149385802
6/9/2000,18.53599572,0.8361586212,31.089,24.21765216,24.496,1.7553779962
6/10/2000,9.0345466944,0.8033642185,32.103,26.577681552,23.046,1.5525446056
6/11/2000,9.9632250864,0.8053639322,32.028,27.11666772,23.204,1.8254515751
6/12/2000,0.480651732,0.7776482276,32.218,23.10963822,23.429,2.5415339109
6/13/2000,9.2388194064,0.7789750539,31.317,25.61012343,23.892,2.6082652565
6/14/2000,4.106142,0.7618807047,33.094,27.20835144,23.408,3.10902573
6/15/2000,7.7590920528,0.7806476973,30.909,20.14183206,24.615,3.146378825
6/16/2000,13.4651261448,0.8938525099,26.52,5.132301768,24.164,2.3682584257
6/17/2000,15.30533052,0.9078745797,27.846,8.126718588,23.975,2.1042830785
6/18/2000,3.8040174,0.8229100321,30.044,18.91253835,23.608,2.4344256805
6/19/2000,18.39179844,0.8419407038,32.335,26.54167302,23.492,1.9698954505
6/20/2000,21.3375080016,0.890631967,29.879,23.01648975,23.219,1.5645329719
6/21/2000,19.4698348344,0.8650727226,31.339,24.1104411,24.034,1.5620301183
6/22/2000,11.7794032128,0.8607635803,30.713,23.437914318,24.06,1.5267425951
6/23/2000,16.1018328528,0.8395701856,31.856,25.21344429,24.343,1.722493432
6/24/2000,15.64865208,0.8453409643,31.259,25.94407707,23.264,1.4967708266
6/25/2000,2.7174009384,0.7692734405,34.903,18.0712692,23.318,1.6441414453
6/26/2000,8.9366887584,0.7720971737,33.512,26.7169437,23.479,2.051490142
6/27/2000,4.959298188,0.7928247495,32.466,24.44911686,24.392,1.5383556227
6/28/2000,62.869255092,0.9514788066,24.923,0.83857509,22.081,1.6735562938
6/29/2000,17.5781253024,0.8276887352,35.471,22.986277002,21.762,1.0070141803
6/30/2000,20.92551732,0.8359550835,32.239,22.37467176,24.665,1.0992047514
6/1/2001,11.674686672,0.7489775449,34.491,25.929455832,25.075,1.3198580385
6/2/2001,5.36613156,0.7996693241,31.374,27.252164592,24.827,1.9075054377
6/3/2001,4.94212788,0.7656426219,33.11,24.9025572,24.103,1.7569842394
6/4/2001,23.313332412,0.8064372617,33.063,26.00965476,24.848,1.2645649961
6/5/2001,24.283215684,0.8262114567,31.918,24.46942824,25.032,1.1427381201
6/6/2001,12.401678376,0.8316041598,31.475,19.40309793,25.178,1.350161413
6/7/2001,9.510892776,0.8120564685,32.381,26.5352112,24.278,1.499343505
6/8/2001,11.5459456392,0.8531608223,30.705,23.04911592,24.503,1.4921672306
6/9/2001,14.8864806,0.8441417732,31.513,26.36724366,24.305,1.270063286
6/10/2001,9.408762,0.8142374721,31.891,26.30603484,24.358,1.7446316533
6/11/2001,6.6604644,0.7741193811,33.968,27.39430764,24.018,2.0323143246
6/12/2001,3.40404408,0.7451566294,34.409,26.90836524,23.992,1.8655469585
6/13/2001,10.370064744,0.852294924,30.429,24.7879125,24.902,1.8694544216
6/14/2001,16.60137336,0.8620850857,31.403,20.847766068,24.527,2.1768202542
6/15/2001,3.17573244,0.8106506905,31.571,23.10947316,24.693,2.1448658281
6/16/2001,6.96601188,0.7701476169,33.603,27.43954398,23.093,2.3254833338
6/17/2001,20.42942004,0.8606038981,30.31,26.78265198,23.896,1.7511313869
6/18/2001,7.84749924,0.7870013626,32.66,27.22640166,23.568,2.5561991695
6/19/2001,15.4357874928,0.798737031,32.275,26.464554,24.367,2.9612804706
6/20/2001,8.536722516,0.7799660512,32.863,26.00589276,23.646,2.9668032676
6/21/2001,13.76551764,0.8708352576,29.394,16.99176816,23.792,2.4168349094
6/22/2001,15.6761215128,0.8816702853,28.97,19.81624968,23.956,2.8527779403
6/23/2001,3.5104750128,0.8804567284,28.012,12.97945971,23.518,2.6854651339
6/24/2001,5.44681404,0.8768101706,28.015,15.06982662,23.576,2.5545874426
6/25/2001,9.7383480048,0.8782225022,29.39,18.07323804,23.491,2.8631455265
6/26/2001,10.2344568264,0.9052594643,27.675,12.32150976,23.33,2.8715633505
6/27/2001,17.575548588,0.8753435821,30.019,20.87021322,23.277,2.7057635861
6/28/2001,24.7380984864,0.890712835,29.478,21.39811812,23.008,2.3148597387
6/29/2001,16.5644635464,0.8937934117,28.211,12.6573228,23.784,2.2173650752
6/30/2001,21.36840732,0.8638783114,30.447,19.754266068,23.468,2.5276308162
6/1/2002,2.71396728,0.6296872082,37.985,15.140360592,25.756,2.4931774828
6/2/2002,2.732849676,0.6377209131,37.944,14.442466032,25.415,2.9111740775
6/3/2002,13.05656766,0.7086581027,36.74,12.735280008,25.585,2.2901134542
6/4/2002,21.842189784,0.8181940269,30.66,11.79146601,25.384,2.0641874189
6/5/2002,11.99226204,0.8136245323,32.445,21.81312711,24.97,2.0808999563
6/6/2002,6.6570307128,0.7709817254,33.432,18.83727405,25.145,1.8845845647
6/7/2002,17.15240736,0.8084093185,32.126,23.91131844,24.926,1.9971360931
6/8/2002,15.51304044,0.8017232338,32.582,26.3518875,24.754,2.1743119356
6/9/2002,16.24087872,0.7843255409,33.394,25.97575086,24.762,1.9580623962
6/10/2002,0.5939481096,0.6847005542,38.284,18.10209492,25.136,1.4736011339
6/11/2002,4.59366084,0.6537248457,40.126,17.68735998,25.067,1.2077658717
6/12/2002,11.9527794,0.7155719438,34.821,18.7970049,25.749,1.4413868686
6/13/2002,5.11207596,0.6889740368,36.801,20.86149186,24.639,1.4909392427
6/14/2002,2.870176644,0.6896978226,39.153,15.19577262,24.645,1.1712875846
6/15/2002,1.788711084,0.7937523019,30.3,11.9774808,24.765,1.3647168252
6/16/2002,6.744580596,0.7954866405,33.098,17.92929024,24.119,1.6718332665
6/17/2002,0.1441958328,0.6798794285,35.027,20.16410994,24.933,2.7175223068
6/18/2002,13.2677149464,0.7739421036,30.053,15.36058458,24.588,2.2909387803
6/19/2002,11.9991244968,0.8267166837,29.481,8.84081556,23.792,2.001125159
6/20/2002,15.63834888,0.8846915998,29.071,14.130624132,24.216,2.1959852076
6/21/2002,13.413618936,0.884928438,28.947,13.14579591,23.592,1.6826379468
6/22/2002,5.167011492,0.8984609114,27.161,4.721570892,24.131,1.9177632483
6/23/2002,5.304338676,0.9374242676,26.462,3.611025432,24.125,1.6017826428
6/24/2002,2.10113496,0.8584180103,30.311,17.62960032,22.955,1.8802709259
6/25/2002,7.85522844,0.8519518136,31.493,22.4993781,24.267,1.8159923047
6/26/2002,5.79528612,0.8187971574,32.924,19.995466932,24.328,1.5961853125
6/27/2002,18.683631,0.8632479168,31.875,26.51175054,23.161,1.5312778055
6/28/2002,17.17644528,0.8546688804,30.908,21.890590632,24.283,1.6667886821
6/29/2002,3.824614152,0.8039509483,33.366,22.327702668,24.794,2.0581399795
6/30/2002,7.8689592,0.7702482736,34.956,26.98273035,23.533,2.4226574763
6/1/2003,5.9360499864,0.8609120764,29.336,13.02918615,24.712,3.1016973482
6/2/2003,28.2897936,0.8461773021,30.529,16.603144632,23.896,2.5950977884
6/3/2003,30.447578304,0.8653815602,30.407,17.96169186,24.683,1.8283306117
6/4/2003,26.260766532,0.8789196889,30.484,24.6084237,24.109,1.3751640033
6/5/2003,9.78813432,0.8402271729,32.602,23.7867714,24.381,1.3924448243
6/6/2003,4.140472428,0.7494602449,34.065,27.2655027,24.31,1.8292318339
6/7/2003,0.0617981184,0.6704176011,36.053,19.0848861,23.804,1.7474188885
6/8/2003,0.27122508,0.6690879349,36.357,15.995363328,23.855,2.36284615
6/9/2003,0.02059938,0.6314637118,37.312,17.454831912,23.914,2.1420522602
6/10/2003,0,0.6262128868,37.087,15.3200799,25.365,2.5880201697
6/11/2003,0,0.60612566,36.134,23.59687068,25.963,3.0089890399
6/12/2003,1.3320918,0.6236049687,36.592,19.33750908,24.962,2.4462883671
6/13/2003,4.98848004,0.6822662756,34.425,27.38447298,25.066,2.3637687438
6/14/2003,0.518417604,0.6562738297,36.809,14.9074875,24.519,2.0826584844
6/15/2003,0.070381188,0.6535068654,37.34,14.51340648,24.832,2.0050202526
6/16/2003,8.138466504,0.7048878898,33.211,26.96197239,24.938,2.1824064239
6/17/2003,26.91308754,0.8146859918,31.739,25.01830575,24.439,2.4100650814
6/18/2003,21.60530532,0.790218662,32.414,22.47907644,24.223,1.9463529466
6/19/2003,18.281937564,0.8114319821,32.222,23.47362954,24.43,2.2305849131
6/20/2003,3.6907202232,0.8431566594,27.888,9.0951165,24.547,1.8394583379
6/21/2003,1.448822304,0.7938364641,26.614,3.726845568,23.57,1.8632216419
6/22/2003,4.73098932,0.7098056457,34.775,14.98128444,23.9,1.8368416141
6/23/2003,10.3185684,0.7504781069,33.288,25.08795504,24.846,1.5524163242
6/24/2003,10.77689592,0.7539945198,36.185,16.12563552,23.571,1.517796129
6/25/2003,9.15298506,0.7554191602,36.006,17.72634672,24.723,1.6501860436
6/26/2003,24.259176,0.8306253734,33.412,21.13047738,24.719,1.5435310462
6/27/2003,9.06714972,0.7824073613,32.603,25.59352824,24.021,1.4880637743
6/28/2003,2.971458,0.7385827385,36.713,20.28099483,23.484,1.807157955
6/29/2003,14.3268534,0.8009438122,33.61,26.34732729,24.194,1.7040583452
6/30/2003,13.9904013744,0.8372869593,33.047,21.366333018,24.027,1.0426541932
6/1/2004,69.9451391592,0.7441490184,37.324,14.245423128,24.002,1.5127258717
6/2/2004,42.0845114592,0.7761457778,33.224,21.459153168,23.148,1.3956631483
6/3/2004,19.820024388,0.7993541351,34.895,19.92791412,24.737,1.3121191517
6/4/2004,0.4875183504,0.7467945452,32.477,25.3801152,24.265,2.0566882098
6/5/2004,0.4634859024,0.7841850242,30.774,7.89665616,24.882,1.1076064085
6/6/2004,7.954790292,0.8094116235,33.987,19.7823924,24.928,1.5597697028
6/7/2004,33.594121512,0.8930807516,29.726,17.97080328,24.483,1.8887713788
6/8/2004,23.3081860176,0.8665544306,30.291,20.73279528,24.165,1.806122099
6/9/2004,14.1208642728,0.8208401255,33.117,20.8786482,24.237,1.92721956
6/10/2004,9.3864403368,0.8265172122,31.427,18.6923862,24.607,2.0452516144
6/11/2004,24.27635448,0.9303224251,26.55,2.96274654,24.139,1.6714140929
6/12/2004,16.02115488,0.8950840818,27.123,10.7900955,23.379,2.3899346342
6/13/2004,17.087170032,0.9056570408,28.715,13.836426228,23.278,2.9908725097
6/14/2004,8.35990596,0.8883968237,28.709,10.49119839,23.451,2.5804234869
6/15/2004,6.7325589,0.8771672089,29.734,15.67563678,23.451,2.1398667697
6/16/2004,3.211787844,0.8295748123,30.696,17.383944168,23.661,1.9109034859
6/17/2004,16.68548394,0.8546373763,30.745,26.68437711,23.508,1.9598663385
6/18/2004,4.6348592184,0.8131616721,32.399,24.7649625,23.392,2.0004915344
6/19/2004,15.85464786,0.8396762208,31.163,26.02710432,22.54,2.1117827105
6/20/2004,6.8630278392,0.8295651056,30.703,25.92326322,24.143,2.6531012827
6/21/2004,7.075878444,0.8229861773,30.412,20.75343372,23.928,3.1140041546
6/22/2004,10.30483692,0.789246829,32.407,22.4881335,24.007,3.3554667933
6/23/2004,7.3711359,0.7304764936,32.924,24.80844546,23.938,3.9102104424
6/24/2004,0.7844921784,0.7148899928,31.864,16.8749964,24.011,3.7840188111
6/25/2004,0.02746584,0.6479635803,35.506,22.90899519,23.125,3.4164445202
6/26/2004,12.92438304,0.764366172,30.97,24.75140265,24.292,3.1955307455
6/27/2004,13.78440504,0.7942634297,30.944,25.33984434,23.845,3.0278769628
6/28/2004,19.452671532,0.82046816,31.007,22.90056201,23.443,2.4365605428
6/29/2004,0.5596160112,0.723618909,35.014,11.06937747,24.464,2.0095841255
6/30/2004,5.2528356,0.7340070872,33.27,22.65637266,24.25,2.9731292058
6/1/2005,15.054702516,0.8052714923,31.841,23.82536493,25.069,2.4552658017
6/2/2005,13.53034584,0.7546548226,33.576,23.59608138,25.081,2.6280438324
6/3/2005,12.577627836,0.7664511051,33.424,20.8942929,25.63,2.551295444
6/4/2005,12.92438322,0.8411788031,30.649,17.757393228,25.342,2.1652612999
6/5/2005,19.886965704,0.8405050807,29.996,25.80322716,25.002,2.8789084655
6/6/2005,3.1568555664,0.7503330652,31.991,20.69571996,24.977,2.6696325656
6/7/2005,6.03046584,0.7589616832,34.161,20.75377446,25.347,2.8284763335
6/8/2005,34.2318288528,0.8353719901,31.167,23.13224154,24.906,3.1475713368
6/9/2005,12.320136,0.8519304146,30.395,10.147159872,24.733,2.9536916943
6/10/2005,6.21586152,0.8387193331,30.093,11.64414555,24.489,1.7586673313
6/11/2005,0,0.6995103905,34.292,20.20156947,23.943,1.7155291468
6/12/2005,0.51498414,0.6968247283,35.669,15.9513174,24.363,2.4425711116
6/13/2005,0,0.6653809239,36.551,22.9960692,24.547,2.7065892006
6/14/2005,12.64801644,0.7415095917,33.021,25.69420854,25.63,2.6391929316
6/15/2005,6.5917962,0.769214614,33.468,22.97182662,24.479,2.6036710519
6/16/2005,17.78411916,0.7915051204,32.15,21.968778168,25.867,1.528878772
6/17/2005,15.75508608,0.7492912197,33.446,26.33276646,25.366,1.9280912218
6/18/2005,9.314346816,0.7267351511,34.046,21.98846286,25.997,2.0960635714
6/19/2005,1.18274688,0.7112750399,37.409,15.928536168,25.409,1.9300929665
6/20/2005,3.5310720528,0.7445597686,34.165,25.38382968,24.179,1.834161702
6/21/2005,12.11243472,0.8336693171,32.533,27.10299132,24.439,1.456008922
6/22/2005,2.8864862856,0.7527010199,34.914,25.2519741,24.765,2.3545112843
6/23/2005,13.52519604,0.8127941416,31.133,17.7596433,25.227,2.2086094131
6/24/2005,10.268781768,0.7797899011,33.69,22.61126592,23.883,2.4926379039
6/25/2005,5.211639576,0.749744142,32.762,26.76126816,24.505,2.075141836
6/26/2005,7.134248196,0.7538035036,34.065,22.19394249,23.812,2.0609663964
6/27/2005,13.271135652,0.8432417934,30.238,19.46660436,23.756,2.4204838372
6/28/2005,6.676767468,0.743366166,33.206,20.27806722,24.266,2.6681480596
6/29/2005,7.80887268,0.7734142483,31.578,21.82927734,23.336,2.5627293791
6/30/2005,6.88705092,0.7497666382,32.859,26.29310976,23.372,3.1506245894
6/1/2006,14.75085996,0.8083591754,31.823,23.72759694,24.336,1.4167940537
6/2/2006,10.9485594,0.8168525719,31.842,27.13724856,24.201,1.5537683333
6/3/2006,11.40174648,0.8336610073,31.081,26.920356408,24.553,1.6156572266
6/4/2006,11.5184785464,0.7953154081,33.299,25.99459119,23.934,1.4907059857
6/5/2006,6.828682752,0.8281971529,32.544,16.161639498,25.088,1.8770774183
6/6/2006,10.622399868,0.8054401111,33.056,26.096614128,23.947,2.0158785175
6/7/2006,0.995635152,0.7490529162,36.441,16.61337747,24.085,1.8829895693
6/8/2006,0,0.679698212,36.823,17.87213664,24.237,2.088230944
6/9/2006,0,0.6512257492,36.135,22.968,24.654,3.0789184964
6/10/2006,9.68170392,0.7314533696,32.35,26.33494986,24.96,2.1542784421
6/11/2006,15.64178616,0.7872910498,33.536,25.166870568,24.9,2.0820531266
6/12/2006,2.87361252,0.8226704817,30.6,15.59660319,25.39,2.109692451
6/13/2006,11.824030764,0.8220016542,32.824,25.08722316,24.227,1.6660651093
6/14/2006,14.9276727,0.8375165352,32.541,23.16953682,24.699,1.9053635819
6/15/2006,13.9595048928,0.8649043333,30.343,24.5022741,24.416,2.093542648
6/16/2006,29.8690812,0.872695349,30.802,26.55337212,24.428,1.9810179882
6/17/2006,26.5525899192,0.8835542982,30.842,24.51072132,24.65,1.5139419432
6/18/2006,27.321626592,0.8949122648,29.66,22.04200584,24.374,1.5255063335
6/19/2006,26.3208415464,0.8794574967,31.447,25.46786835,24.407,1.3727334187
6/20/2006,9.2319457392,0.8426575128,32.473,22.49331246,24.156,1.3814777131
6/21/2006,9.973521864,0.7877689617,36.099,22.8134178,25.221,1.3735212298
6/22/2006,13.93203582,0.8171662109,33.447,21.51698508,25.377,1.6118235953
6/23/2006,27.367977276,0.8720191196,30.903,26.69039622,24.604,1.6999688
6/24/2006,6.0476296464,0.8158472471,31.169,24.97578975,24.515,2.2033893672
6/25/2006,11.786273532,0.780631003,33.765,22.04341866,25.229,1.6398771004
6/26/2006,14.24446992,0.875661978,30.978,18.10996686,24.65,1.6590108647
6/27/2006,6.8716107576,0.8779817519,28.827,20.12185827,23.629,2.2444001254
6/28/2006,9.043122024,0.8922641492,27.706,7.689656592,23.956,1.6733661558
6/29/2006,2.2178648664,0.8458056387,29.811,17.182185912,24.209,2.9742635507
6/30/2006,2.3620607784,0.7839377639,30.348,10.99310598,23.998,2.5539974908
6/1/2007,4.092408,0.7735760618,34.907,26.81258094,25.375,1.3985570885
6/2/2007,7.484436144,0.7609243248,34.455,20.92128624,25.156,1.8361175104
6/3/2007,21.1967397504,0.8543306822,30.914,17.68589964,25.262,1.6281190223
6/4/2007,19.7256050424,0.8162887501,32.62,26.69878107,24.739,1.4113211705
6/5/2007,29.40902856,0.8475003702,31.264,19.685085282,24.964,1.5714357768
6/6/2007,4.274369964,0.7749842658,35.72,17.435476908,24.398,1.2311422156
6/7/2007,2.98690866,0.764045406,32.868,13.533241932,24.836,1.340239163
6/8/2007,4.270932036,0.68834239,37.502,19.97122464,24.309,1.3422403089
6/9/2007,20.90149488,0.7743265644,33.767,20.6466192,25.924,1.7035391681
6/10/2007,0.078964344,0.687957743,37.54,16.29382014,24.759,1.6793491415
6/11/2007,2.04620148,0.6585733433,37.225,15.824868912,25.464,1.8673053339
6/12/2007,3.886413444,0.7207475222,36.961,26.564904,25.063,1.7116021463
6/13/2007,7.199478,0.7425446432,36.522,24.25803246,25.035,1.5387857722
6/14/2007,13.8599424,0.8013863704,35.063,26.43536088,25.101,0.9686887495
6/15/2007,18.7419924,0.8116375047,34.414,20.14678125,26.064,0.9477489331
6/16/2007,13.1698584,0.7695047054,36.4,22.79345238,25.177,1.2071687149
6/17/2007,17.4407919912,0.801863511,34.093,18.016086168,25.066,1.1621284018
6/18/2007,14.457321612,0.8007827836,35.281,26.67183966,24.87,1.2256401437
6/19/2007,29.06571996,0.8491316275,31.168,26.5101714,24.715,1.2281224842
6/20/2007,25.47112212,0.8441129389,32.014,26.10669924,24.739,0.876805958
6/21/2007,9.386449236,0.7706121291,34.303,26.0136549,24.458,1.6135255541
6/22/2007,4.90264758,0.774471448,35.214,19.6426134,24.833,1.1619894076
6/23/2007,1.328658984,0.7728001386,32.696,21.2615496,25.122,2.8024017162
6/24/2007,18.92566836,0.8646812861,30.169,22.26121848,25.49,2.2964262972
6/25/2007,25.4161962,0.8957991082,29.967,22.054725,24.696,2.0694266842
6/26/2007,24.92179704,0.9265314979,27.568,6.64723332,24.71,1.790063735
6/27/2007,17.911146636,0.8756676248,30.56,24.06374964,23.535,1.4868883447
6/28/2007,1.0093689144,0.786337031,31.289,20.98579752,24.343,1.6638900268
6/29/2007,6.190109316,0.8685024562,29.211,9.70616034,24.493,1.6276235054
6/30/2007,4.0924112328,0.8515979683,30.199,12.69714888,23.625,2.3504393382
6/1/2008,14.24446488,0.7161216092,38.825,15.624846792,24.515,1.5055114734
6/2/2008,37.2745548,0.8041581437,32.367,19.111048668,25.315,1.1702242728
6/3/2008,2.61611928,0.7152150107,36.639,20.01279096,25.014,1.6262955859
6/4/2008,11.38801464,0.7316962181,35.565,27.016651008,24.807,1.2353809367
6/5/2008,1.76124636,0.6541845784,38.046,25.41256938,24.633,1.4620334321
6/6/2008,1.7921454192,0.6280975926,35.956,22.046627592,26.273,1.9664347083
6/7/2008,8.8405578,0.7172317288,35.819,25.72469244,24.867,1.3030151338
6/8/2008,17.6399262,0.7914725143,32.721,26.7651027,24.736,1.636952138
6/9/2008,3.364564428,0.7731930963,32.327,20.85075234,24.74,2.0657820071
6/10/2008,3.865818312,0.7280612918,32.447,26.64011124,24.883,2.6496362527
6/11/2008,10.08854172,0.7865267836,32.333,23.60183058,24.705,2.1028617491
6/12/2008,7.2372408264,0.8440664043,29.112,18.65936538,24.518,2.7014966072
6/13/2008,7.07931,0.8480901613,29.311,11.1959433,24.309,2.2176383607
6/14/2008,9.3589846128,0.8137120945,31.454,21.0436326,22.787,1.7173588825
6/15/2008,16.5996504,0.846188029,31.306,20.70376398,23.888,1.2394857731
6/16/2008,17.9145811728,0.8432524205,30.668,24.584910732,24.917,1.4130269658
6/17/2008,19.66552776,0.8273632958,31.179,24.4661607,24.192,1.7313788101
6/18/2008,10.5503102064,0.8260256057,31.464,19.347635232,24.434,1.5928793369
6/19/2008,5.276869884,0.8142525745,31.3,11.652640092,24.423,1.4834834238
6/20/2008,0.923538024,0.6746358607,35.801,21.96354798,22.786,1.8201325215
6/21/2008,1.36299132,0.6715484504,35.83,21.08379276,24.318,2.935285163
6/22/2008,13.68141444,0.7119116761,33.244,23.59850643,24.147,2.9849559561
6/23/2008,18.53599194,0.6991384051,34.259,26.0788482,24.935,3.3644815653
6/24/2008,22.97516544,0.8441469079,29.81,24.98067936,24.781,2.5428661626
6/25/2008,22.473910404,0.8419641229,30.724,25.42038714,23.848,2.5191802049
6/26/2008,25.560365112,0.869909289,30.234,25.32790863,23.918,2.226391468
6/27/2008,8.24661198,0.7876509611,34.695,16.86150081,23.859,2.002497478
6/28/2008,22.0619192184,0.8463280116,30.092,26.64421992,24.308,2.367592605
6/29/2008,10.2584842128,0.8348785394,31.279,26.74063557,23.824,1.9485596948
6/30/2008,32.5538298,0.8127589229,34.602,23.41951713,24.263,1.9024382991
6/1/2009,15.24095604,0.8264920702,32.563,21.434516568,25.007,1.5838747558
6/2/2009,19.6337646,0.8647764123,30.325,23.56762194,25.167,2.953882333
6/3/2009,7.690430484,0.8750433017,28.979,15.327615528,24.181,3.1207902376
6/4/2009,1.2205122264,0.8148637652,30.797,21.718238688,23.757,3.4123820056
6/5/2009,7.547952744,0.8143697855,31.405,26.16609528,23.15,2.009753536
6/6/2009,9.015660036,0.8147561048,31.349,26.570364048,24.198,2.126267169
6/7/2009,1.64279916,0.7083452607,34.156,27.521547408,23.329,2.6950381593
6/8/2009,0.054931644,0.670080501,35.544,26.915621328,23.711,2.8737047704
6/9/2009,20.238881184,0.7863532403,31.267,24.388597008,25.673,2.9184859914
6/10/2009,16.7284064952,0.8087811478,31.343,24.39073359,24.707,2.5576866501
6/11/2009,12.5638972128,0.7929033159,32.115,22.83080616,24.642,1.9083939393
6/12/2009,0.19569384,0.6608598131,36.182,24.94704564,24.171,2.5334839768
6/13/2009,0,0.6182999306,36.528,27.53279676,24.684,2.9495129939
6/14/2009,8.22086604,0.7216088258,33.777,24.509141208,25.433,3.3036356615
6/15/2009,26.00327664,0.8364980079,31.574,26.26306875,24.978,2.6567948194
6/16/2009,22.092826032,0.8605906734,30.225,16.73566947,24.627,2.5839976162
6/17/2009,16.9567137144,0.8405471201,31.128,23.2980156,23.679,2.5201210917
6/18/2009,15.864083316,0.8431646953,30.424,22.22599923,23.975,1.7950784887
6/19/2009,20.0363157864,0.8275962827,32.139,19.84753179,24.335,2.2284045084
6/20/2009,15.97137264,0.8484271744,31.731,18.89781057,24.695,2.1333851992
6/21/2009,14.30025372,0.8345572757,31.679,24.74482536,23.716,2.2281854385
6/22/2009,19.717022412,0.849170201,30.817,25.9927344,23.988,1.9319117148
6/23/2009,7.23552552,0.799529965,33.209,23.23637235,23.937,1.7906279156
6/24/2009,15.2830050984,0.8236745652,32.637,23.902929882,23.929,1.4534328346
6/25/2009,5.3369540928,0.7821896333,33.155,22.8807594,24.511,2.3398885224
6/26/2009,9.4842936,0.7811666167,32.744,25.09971273,25.183,2.0639083035
6/27/2009,14.191240068,0.8085450757,32.143,25.58166174,24.518,2.0962854825
6/28/2009,22.490216136,0.8440048989,31.163,25.43968431,24.349,1.6334822566
6/29/2009,8.8869175848,0.8018179211,32.795,25.15933791,24.202,1.3320732723
6/30/2009,10.3202807328,0.7898383316,33.91,26.35638129,24.151,1.433558176
6/1/2010,2.77576704,0.6409545273,36.513,26.773312392,26.123,2.7465511301
6/2/2010,14.2169958,0.7200679294,34.995,26.4713058,26.497,2.4538109047
6/3/2010,22.5391356,0.7616245944,34.286,26.833217328,26.095,2.1860247832
6/4/2010,8.9160894,0.7433751732,34.144,23.00950863,25.789,2.0221555429
6/5/2010,31.430343564,0.817479284,32.689,22.65390288,25.715,1.6734404168
6/6/2010,19.07673372,0.8149678955,31.27,20.777564682,26.167,1.7051648801
6/7/2010,30.77976492,0.8312455208,32.365,25.108426512,25.324,1.6053145915
6/8/2010,4.61425698,0.8310059815,31.509,8.699342328,25.837,1.221533542
6/9/2010,21.43363356,0.7913289233,35.21,23.5281969,25.198,1.188410159
6/10/2010,14.9448384,0.7572689251,34.579,19.739422368,25.055,0.985900763
6/11/2010,2.6933666328,0.6764501634,36.096,27.36719856,25.318,1.8156320891
6/12/2010,1.3913175744,0.628129855,37.534,16.562983968,25.662,1.7112025555
6/13/2010,6.248475432,0.6865238277,39.939,13.88137464,26.261,1.1512474436
6/14/2010,15.31048284,0.7505385453,35.373,23.75318952,26.488,1.318601718
6/15/2010,9.55810872,0.8054654032,32.007,19.154588382,26.086,1.2452489856
6/16/2010,4.8957876,0.7768645274,33.663,26.60967918,24.637,1.7416522352
6/17/2010,16.43313672,0.8231104839,32.85,26.9695098,24.947,1.9255016732
6/18/2010,13.681410876,0.8493429545,30.384,21.88434654,24.533,2.5142591868
6/19/2010,5.374720656,0.7896292363,33.183,25.06634514,24.218,1.888426141
6/20/2010,1.625632128,0.7495681156,35.076,17.641514268,24.609,1.7455232244
6/21/2010,27.26326476,0.8632920284,30.143,19.1013786,25.27,2.2825782138
6/22/2010,26.434141056,0.8683143196,30.921,23.87109546,24.859,2.2699618529
6/23/2010,24.5784705408,0.8807056048,30.439,21.36134016,25.05,1.6759327773
6/24/2010,9.08002728,0.7894634491,34.695,26.77325742,24.218,1.616688849
6/25/2010,7.38143964,0.7874423389,32.599,27.02941812,25.02,1.8677245429
6/26/2010,25.4625372,0.8487049342,30.938,26.71594119,24.854,1.8926725064
6/27/2010,12.7098084528,0.8509214815,31.842,23.70177819,25.037,1.8546709531
6/28/2010,13.6796986512,0.8535282419,31.177,24.94643103,24.35,1.7137850479
6/29/2010,7.3024707528,0.8262576516,31.972,24.96994263,24.656,2.130322707
6/30/2010,1.6187683464,0.7431867502,36.564,26.90460315,23.868,1.9915381463
6/1/2011,18.0725042448,0.8926707426,30.333,22.135131952,24.345,2.0993535651
6/2/2011,24.6436774128,0.898315204,30.579,25.1136966882,23.959,1.8641029212
6/3/2011,22.08252312,0.9009740344,30.095,25.3671469897,24.806,1.9584998386
6/4/2011,15.768810936,0.9020792735,30.383,25.2909105459,24.531,1.5204411256
6/5/2011,16.448589792,0.880710312,30.983,21.8808090535,25.027,1.4728714949
6/6/2011,22.055054472,0.9055995093,29.691,21.7723224667,24.315,1.4481755006
6/7/2011,7.355691792,0.8315226872,31.682,25.089991804,24.637,1.6222125103
6/8/2011,8.73413208,0.8966031815,30.071,10.0603537625,25.018,1.3130313518
6/9/2011,17.49916188,0.8871857088,30.303,26.2886943591,23.976,2.4435108349
6/10/2011,15.102769788,0.856952815,31.162,24.9764326327,24.403,2.7728915674
6/11/2011,7.98740388,0.8603786812,30.492,23.6409138125,23.779,2.5186299825
6/12/2011,7.3299373704,0.8584229369,30.167,22.559347365,23.986,2.5792541147
6/13/2011,0.78964236,0.7848220648,31.014,25.8012541822,23.43,2.8848801605
6/14/2011,2.2315973184,0.8824542787,25.723,3.0755569918,23.631,1.8693271629
6/15/2011,0.3175732908,0.8410448186,30.645,15.9441954211,23.303,2.4538090962
6/16/2011,20.3281257744,0.8740277662,29.164,20.8980395146,23.573,3.1223121595
6/17/2011,2.061653022,0.9207613057,25.972,4.0854351551,23.765,2.4657272367
6/18/2011,4.9352651064,0.8724829296,29.243,18.9788657789,23.733,3.1871299421
6/19/2011,2.664184608,0.8733134015,28.76,16.0190440829,23.795,3.8771628878
6/20/2011,4.0203076464,0.9008622735,26.209,6.1793912232,23.868,3.3630175763
6/21/2011,5.0107903236,0.8738726763,29.026,8.3829979936,23.197,2.633713017
6/22/2011,10.9485618264,0.8852457572,29.937,22.9167234114,23.331,3.3680482006
6/23/2011,16.12758996,0.912457764,29.26,11.8170744237,23.427,3.4382781017
6/24/2011,2.288246472,0.8425290175,30.043,21.9160871309,24.082,4.2289529595
6/25/2011,1.375007652,0.782878308,31.855,27.1688219516,23.814,3.6477417676
6/26/2011,3.8040156,0.8185966359,31.75,26.6557918719,23.456,2.4948929352
6/27/2011,7.80029172,0.8659607847,30.017,26.5249105454,23.409,2.2624584917
6/28/2011,6.78062268,0.83683507,32.119,27.0031425682,23.489,2.2057892561
6/29/2011,7.7899907304,0.8444085049,31.588,26.6353399405,24.076,2.4814891111
6/30/2011,9.8979961824,0.9220840602,27.888,10.4361515112,24.019,1.3139737457
6/1/2012,19.600297848,0.8955645377,30.599,19.3355753391,24.825,1.9945237747
6/2/2012,23.4146099664,0.9439143678,28.209,4.0065264332,24.818,1.0977224027
6/3/2012,21.644793,0.891093106,30.746,26.3568331537,24.489,2.251928215
6/4/2012,7.5737001744,0.9391053085,27.002,4.1984805083,24.662,2.6724539328
6/5/2012,2.600668836,0.8999346684,28.511,19.5094792314,24.207,2.8949538215
6/6/2012,13.4410818384,0.9046007494,29.865,24.3894804127,24.53,3.0941616699
6/7/2012,2.7568821456,0.9189593966,27.747,9.0580721356,24.145,3.0486511623
6/8/2012,5.8742532864,0.9074186064,29.064,14.8051393934,24.365,3.1033479736
6/9/2012,16.469193888,0.9193702831,28.981,18.1237212775,24.189,2.4963830406
6/10/2012,8.9847592128,0.8728344075,30.665,26.5652093516,23.821,2.4284086631
6/11/2012,5.2940375928,0.8642409214,30.46,19.6877929472,23.626,2.4265618227
6/12/2012,20.1805128792,0.897823133,29.032,22.1227573373,23.336,2.507377969
6/13/2012,4.98504708,0.8461815387,30.696,26.6441010708,23.187,2.4470849905
6/14/2012,7.83119088,0.8435012212,31.495,27.2848881341,23.196,3.2872708763
6/15/2012,13.71918276,0.8802048356,29.336,25.5747440663,24.199,3.6252167036
6/16/2012,1.792145484,0.8459540116,29.698,20.4100899756,23.496,3.5020915984
6/17/2012,3.725050428,0.892924761,27.652,8.9295877814,23.909,2.7040102859
6/18/2012,4.8614476104,0.877411283,28.949,12.7726532589,23.577,2.7082349702
6/19/2012,2.169799236,0.8375168287,30.179,20.5224849423,23.089,3.2731045729
6/20/2012,7.6938678,0.8429406311,29.88,23.066074313,24.629,3.1174797323
6/21/2012,11.5528109328,0.8663733441,30.535,20.1974009978,23.853,2.3081006643
6/22/2012,15.44952744,0.8720632149,30.473,22.8406087119,23.88,1.804233735
6/23/2012,11.52191016,0.8746245817,31.164,26.8112808601,23.164,2.4717266376
6/24/2012,3.6666867024,0.87596791,30.107,22.5842146034,23.199,2.3880569278
6/25/2012,3.7988652384,0.8248813594,32.256,27.1782863762,22.73,2.7238568454
6/26/2012,6.2862415488,0.8308152903,32.261,23.6231895022,23.416,2.6313576498
6/27/2012,8.16078204,0.8488338429,30.026,25.1858845959,23.632,3.0316808612
6/28/2012,11.683274112,0.8802110402,29.546,14.4187958327,23.87,2.2343341868
6/29/2012,21.24480996,0.9034190031,29.043,21.4625842905,23.535,2.4585006948
6/30/2012,27.3078918,0.9473522102,26.521,7.9334861927,23.652,2.7472409934
6/1/2013,13.26427794,0.8644065389,30.689,19.7332372975,24.899,1.4967602537
6/2/2013,10.309123692,0.9077937519,27.394,8.9397690212,24.658,1.0971009519
6/3/2013,16.37820972,0.8717860355,30.332,23.9586912032,23.535,1.6523697071
6/4/2013,16.35589224,0.9134754131,28.206,14.5117252016,25.1,1.3089847538
6/5/2013,12.04204608,0.8749516706,30.203,22.6607788727,24.551,1.6067208754
6/6/2013,10.996624692,0.881901794,30.341,24.5925200729,24.561,1.3337644911
6/7/2013,10.364911776,0.8551327783,32.375,27.323004648,24.717,1.0895949013
6/8/2013,5.8047310332,0.8906567398,31.251,21.8093332563,25.203,1.4129242948
6/9/2013,17.7051591648,0.8803562013,32.472,25.1318501831,25.677,1.9385564403
6/10/2013,4.879468404,0.8620241313,32.25,25.177466141,25.254,2.7188360513
6/11/2013,15.2375205852,0.9067342184,29.95,22.8100480961,25.327,2.3267692548
6/12/2013,9.2001954204,0.9183557504,28.638,8.5737459612,24.559,1.6137233291
6/13/2013,11.285872992,0.9293877825,27.956,12.7601535459,24.223,2.5238687094
6/14/2013,6.538576644,0.9260241227,27.925,11.5611882307,24.117,2.5266444177
6/15/2013,12.608525412,0.9363544903,27.086,7.5480762693,24.001,2.6774539742
6/16/2013,10.890196488,0.9305802154,27.51,12.8282397906,23.655,3.0703186114
6/17/2013,13.8513559356,0.9022793052,29.664,23.7906696577,23.928,2.9253933297
6/18/2013,13.861657908,0.9188604492,28.47,15.4472402039,24.341,2.7658965682
6/19/2013,25.02308034,0.9244419851,29.033,25.0779083075,24.105,2.8243963003
6/20/2013,11.99741364,0.9070590075,29.749,22.5221661843,24.713,3.0164989671
6/21/2013,7.435517724,0.9149399864,28.787,12.2730656761,24.666,2.4546133125
6/22/2013,17.28458928,0.9464908241,27.104,6.2304558202,24.898,3.0993212622
6/23/2013,12.64801068,0.9345825609,28.393,13.3657211134,24.649,2.7774004964
6/24/2013,15.1001907084,0.9087649827,29.84,23.0189134662,23.929,1.3713921865
6/25/2013,3.06072117,0.8615795544,31.231,24.8796847992,23.903,1.7075677905
6/26/2013,3.664115856,0.8509444643,31.892,27.2290097021,23.415,1.8907569257
6/27/2013,1.7303497164,0.880095916,30.427,24.297265158,23.809,1.9059410311
6/28/2013,1.64279952,0.8636006435,31.43,25.4751980449,24.604,2.2429303365
6/29/2013,13.00849812,0.8901288884,30.312,25.970240006,23.869,2.1475012457
6/30/2013,12.4171296768,0.8698992575,32.081,23.5063165224,24.066,1.848641348
6/1/2014,16.98761016,0.836227361,33.496,25.9586600292,25.236,1.0881738441
6/2/2014,9.520340076,0.8503758585,31.984,18.9341689586,24.857,1.1014796559
6/3/2014,14.6083846248,0.8486442866,32.501,25.725445353,25.337,1.8058832029
6/4/2014,14.5191199536,0.85685193,31.963,25.6026033612,24.756,2.019477393
6/5/2014,17.9660799,0.8821483037,30.472,24.8566690044,24.894,2.6681727686
6/6/2014,5.5000278,0.8599502157,31.222,18.7742954196,25.026,2.1226512224
6/7/2014,6.928252236,0.8289474063,32.81,26.7745150541,24.234,1.9513179121
6/8/2014,10.725401916,0.8390802549,32.883,26.9564014368,24.691,1.9679266647
6/9/2014,5.824469304,0.8267393155,33.072,27.1214626068,25.318,2.3288072342
6/10/2014,9.4345083792,0.8446567083,32.162,25.709363964,25.273,2.0152362052
6/11/2014,14.4676201464,0.916865401,29.695,9.3884958781,25.467,2.1300590729
6/12/2014,13.4754163056,0.9266018843,28.177,8.5602068928,24.825,2.9228256176
6/13/2014,3.984264504,0.8773040652,30.715,20.861334,24.235,2.9259237498
6/14/2014,7.54623432,0.8963778075,29.154,12.557886588,24.605,1.5128002036
6/15/2014,11.4875793,0.9011391957,29.426,15.6985545384,24.84,1.8534476561
6/16/2014,8.483512824,0.9142711767,29.851,15.3242123011,24.68,1.9612029751
6/17/2014,5.6304912888,0.8809314991,28.739,15.1333955928,24.732,1.7662695565
6/18/2014,26.422140276,0.9304666358,28.253,10.7632394316,24.136,1.421774946
6/19/2014,52.45625106,0.9435380935,28.74,6.89473467,23.746,1.3551345408
6/20/2014,9.47914056,0.9208695384,28.809,16.3276536812,24.085,2.5276372709
6/21/2014,16.4966650128,0.9063584874,29.93,20.9245374342,24.315,2.5679837745
6/22/2014,4.1627871,0.9194164482,28.186,11.9820025224,24.543,2.5103833485
6/23/2014,4.1301729504,0.8736634142,29.66,17.6466610332,23.939,2.8006165972
6/24/2014,19.3840018128,0.892221104,29.975,24.7648432392,23.791,3.1127809307
6/25/2014,38.08133604,0.9241699411,29.334,22.2137971286,24.338,2.1611541777
6/26/2014,5.678558388,0.9056359911,29.893,14.7906844373,23.929,1.3478033503
6/27/2014,12.81623796,0.8837365292,30.294,25.7455742076,23.404,2.0235621817
6/28/2014,20.0878128,0.9142253732,29.573,22.8758352408,24.985,2.7460945642
6/29/2014,21.29630706,0.9371842392,28.283,12.9793926325,23.828,2.3506995131
6/30/2014,13.525203744,0.9252649516,29.011,23.9123443716,23.904,2.8074927997
