10/1/1979,23.57768988,0.942647234,27.637,14.179723218,23.254,2.1884491649
10/2/1979,20.8328232528,0.9316742313,26.884,8.610181938,23.368,2.2184882865
10/3/1979,8.4457457424,0.9130137659,31.21,22.95230355,22.465,1.2480078024
10/4/1979,11.6678256048,0.9271987214,28.991,21.129748938,22.84,1.4282769957
10/5/1979,61.12689876,0.9264033443,28.19,12.441151242,23.893,1.3220203805
10/6/1979,4.32243576,0.8517821305,29.972,20.22013215,22.801,1.6442977868
10/7/1979,1.4865876936,0.8430393342,31.607,23.152001382,22.122,1.4706366235
10/8/1979,7.21836036,0.8648441337,30.182,23.432847318,23.162,1.1808386231
10/9/1979,11.127089484,0.9001767797,27.963,10.311182802,23.212,1.1606975412
10/10/1979,1.730344392,0.8159593401,30.703,20.456157618,22.359,1.5833812594
10/11/1979,2.533723272,0.8194798915,31.512,24.77700621,22.223,1.2801903723
10/12/1979,0.7587449784,0.8763789197,28.02,13.140282132,22.418,1.4212280975
10/13/1979,3.39889608,0.846452452,30.154,19.5371982,22.967,1.6579560209
10/14/1979,13.331223828,0.9002423001,29.108,12.748107168,22.852,2.5786423976
10/15/1979,34.28248752,0.9457513626,22.971,2.52303651,21.036,3.7262929794
10/16/1979,9.005357556,0.9281177338,24.665,6.882245658,20.74,2.4936044169
10/17/1979,12.0849550704,0.8908314577,30.853,16.813962432,20.922,1.0099099303
10/18/1979,0.3707884728,0.8641873801,27.654,11.026521432,21.94,1.7430993182
10/19/1979,0,0.7865542949,28.47,13.61643984,21.487,1.6275079346
10/20/1979,0.16479504,0.7466690484,32.794,25.61247972,22.286,1.3288935587
10/21/1979,0.056648268,0.7194616743,32.149,25.70186538,20.531,1.7452068548
10/22/1979,6.74972712,0.8136031753,29.905,23.30060454,21.121,2.1632960515
10/23/1979,5.19790194,0.8738717319,30.743,19.28424465,22.883,1.5114994819
10/24/1979,7.78312818,0.8365646375,30.679,24.48500229,21.382,1.7839931022
10/25/1979,0,0.7626409803,32.902,25.02483696,22.07,1.5969777984
10/26/1979,4.356765,0.7825474854,30.458,22.309648218,23.745,1.6397757432
10/27/1979,10.1280220344,0.805878506,30.953,20.628161118,23.566,1.3982528658
10/28/1979,1.7715469104,0.7406270026,33.882,24.13850805,23.481,1.3442367386
10/29/1979,0.669479544,0.7309953227,34.145,24.85327293,22.995,1.0797742459
10/30/1979,4.985049024,0.7944745639,32.578,21.23808813,22.19,1.1951935988
10/31/1979,8.315270208,0.8041519273,32.798,20.042440218,22.716,1.2422564887
10/1/1980,11.880686232,0.9310152054,28.478,12.1117545,23.557,1.0832999654
10/2/1980,2.760315228,0.91297648,27.254,10.5498504,22.992,1.4117491001
10/3/1980,24.2454493728,0.9133527889,30.693,23.83402815,22.955,1.0940639268
10/4/1980,12.551882328,0.8872158354,32.174,21.63004353,23.55,1.2037801255
10/5/1980,6.6398621184,0.8841146902,32.356,22.97565,23.089,1.4982190884
10/6/1980,9.52720992,0.898698332,29.492,22.91917104,23.267,1.6912001192
10/7/1980,14.2067019384,0.9216875867,28.478,20.068085232,23.783,1.9145124378
10/8/1980,0.4016875464,0.8753324796,28.974,10.39393116,23.212,1.1164021365
10/9/1980,10.3683456,0.8412845845,30.046,22.45887765,24.475,1.0928516916
10/10/1980,9.74178864,0.8779056669,30.032,26.02788831,23.805,1.5167858933
10/11/1980,10.622403684,0.8870680443,29.493,24.35147316,23.149,1.2541352301
10/12/1980,5.2425396,0.8735092177,30.333,23.43959388,22.407,1.8156696185
10/13/1980,11.9888300304,0.8991647018,29.362,25.0024032,23.143,1.9652983839
10/14/1980,7.73505702,0.8889065507,29.454,20.00423385,23.658,2.4206228079
10/15/1980,8.205414984,0.8595014579,30.826,25.19916012,22.679,1.2457808849
10/16/1980,19.497301452,0.8518213941,32.626,25.52602824,23.163,1.1795498681
10/17/1980,26.0753772528,0.8929898379,30.086,23.29205886,22.892,1.1688444288
10/18/1980,6.87332376,0.8588764952,30.805,22.9737987,23.027,1.3264542734
10/19/1980,5.18417856,0.8448362643,31.581,23.94922842,22.659,1.2585215538
10/20/1980,17.061427332,0.9160183286,28.822,12.600171882,23.653,1.0031706302
10/21/1980,13.9371894,0.8963130026,30.34,16.915275918,23.517,1.2710041774
10/22/1980,7.0072186104,0.8900907509,30.348,20.1719844,21.736,1.5401794192
10/23/1980,26.5697469864,0.9236843558,28.737,21.776904,23.855,2.1423707374
10/24/1980,25.53977556,0.939515478,27.093,10.284358032,23.4,1.9256753202
10/25/1980,11.614604976,0.9246890991,28.543,15.499575,22.805,1.8577058073
10/26/1980,21.84048468,0.9579573969,25.368,3.14290971,23.283,1.4825879282
10/27/1980,12.33215136,0.9367663206,26.655,10.026616032,22.755,2.3025422577
10/28/1980,9.295464888,0.9092633561,27.889,13.162170582,21.86,2.6658665723
10/29/1980,5.712893496,0.9058037665,28.242,14.55277185,22.209,1.4486406664
10/30/1980,5.474280852,0.8940047131,31.038,15.25072293,22.378,1.4859041352
10/31/1980,8.380504224,0.9059308097,30.127,14.304543282,23.097,1.5108620231
10/1/1981,9.860229252,0.9194166861,29.024,20.70084825,23.622,2.1616985024
10/2/1981,4.20913692,0.8997329285,29.178,20.19649572,23.057,2.3088180365
10/3/1981,6.8492920104,0.8997597248,29.813,23.77333476,22.486,2.2106345187
10/4/1981,15.415189344,0.9106244048,28.835,22.20777855,23.204,1.8218353999
10/5/1981,0.1750945464,0.8337002424,30.933,16.903298232,22.946,1.6307271363
10/6/1981,0.326156832,0.8215901464,31.197,18.46350441,21.918,1.3714683082
10/7/1981,1.009369044,0.8019077627,31.746,26.56962765,22.213,1.5902619198
10/8/1981,4.367069892,0.8299760738,31.028,17.2182339,23.207,1.2131584033
10/9/1981,15.57312228,0.9168395524,29.328,9.46260945,23.425,1.4528286567
10/10/1981,47.9913516,0.9469331769,25.313,5.30150607,23.645,2.3596294359
10/11/1981,21.21563232,0.908964968,29.127,17.3748366,22.732,1.8528650864
10/12/1981,17.341228368,0.9063191775,29.34,21.36026205,23.768,1.6878499569
10/13/1981,11.439516852,0.8920193827,30.713,16.72009335,23.24,1.0678020709
10/14/1981,64.15331076,0.9527787916,25.533,3.90971529,23.784,2.7821577997
10/15/1981,22.27136148,0.9087645093,28.895,19.4509701,22.798,2.9162313729
10/16/1981,43.34453928,0.9422328124,27.778,17.04301065,23.855,2.3944125456
10/17/1981,12.6445765608,0.9144542183,28.931,20.46307743,23.039,1.2360455
10/18/1981,7.652669364,0.8645262663,31.341,23.72405634,22.835,0.8875567385
10/19/1981,4.56103656,0.8826087198,30.924,21.2382,22.233,1.3199485619
10/20/1981,0.858307284,0.8384685602,31.138,21.7868121,21.095,0.691277501
10/21/1981,8.24318082,0.8473051584,30.863,23.87947653,23.603,0.8520224118
10/22/1981,15.75507888,0.8783010227,29.577,23.71814829,24.655,1.3760233193
10/23/1981,16.040039724,0.8397275384,31.632,25.14622977,23.417,1.54608795
10/24/1981,22.055051556,0.8888386455,29.503,24.55785324,22.861,1.7507715784
10/25/1981,24.599062512,0.9067656042,30.048,19.09271205,23.232,1.3765689105
10/26/1981,15.559387128,0.9024521337,30.399,16.856777718,22.96,1.4663899644
10/27/1981,24.1115616,0.9305952674,27.704,10.665282618,23.149,1.6550984088
10/28/1981,22.4464383,0.9268682559,28.536,18.354547368,23.836,1.9683356036
10/29/1981,10.9708816464,0.8693002869,32.29,19.4529888,22.316,1.2469861844
10/30/1981,32.7735648,0.9208263392,27.834,9.87558732,23.716,1.6434538021
10/31/1981,54.941956344,0.9341344829,27.298,7.51758822,23.449,1.8956028817
10/1/1982,13.084031088,0.804438957,31.348,22.503096432,24.017,1.331008171
10/2/1982,19.7771022,0.8822264552,28.471,16.050430332,22.593,1.2127836178
10/3/1982,5.559252552,0.7745218838,32.949,23.21409834,22.444,1.6482368812
10/4/1982,13.417055568,0.8347632673,30.354,25.43798754,21.833,1.6214722811
10/5/1982,14.90879124,0.8625566097,30.456,18.5839263,22.43,1.3326932312
10/6/1982,13.33637208,0.7958173575,34.188,20.78460342,20.798,1.3368411538
10/7/1982,19.291302,0.8387490657,31.026,22.527335718,23.35,1.1476874863
10/8/1982,12.49008228,0.8313494161,31.256,20.78662491,23.665,1.6105100219
10/9/1982,18.6338400264,0.8663751025,29.913,18.638935632,23.103,1.9789220964
10/10/1982,7.731627228,0.8286593934,32.073,18.196764282,22.509,2.6271293576
10/11/1982,14.284797948,0.8797793303,28.936,17.551238418,23.212,2.4691872643
10/12/1982,4.40054046,0.7975719397,32.638,24.60329478,21.962,2.0529129728
10/13/1982,11.19574692,0.8183737822,30.969,24.78870045,21.76,1.4198505407
10/14/1982,7.16771952,0.7325234824,34.946,24.91875018,22.948,1.5091070315
10/15/1982,21.44478852,0.7757045983,32.707,24.89839074,22.471,1.5500509179
10/16/1982,35.921854188,0.8226040505,32.629,21.84536268,23.551,0.7401267494
10/17/1982,40.37303448,0.8419802336,33.535,15.954755382,23.857,1.1727553914
10/18/1982,21.849058476,0.8449236227,30.7,22.65406524,23.905,1.1415727371
10/19/1982,12.965583636,0.8180753607,32.91,24.58856565,22.547,1.3343993416
10/20/1982,15.191178264,0.844795984,31.055,22.6964268,23.116,2.1486531535
10/21/1982,12.431713752,0.7610148682,37.362,13.0674375,23.549,1.0590242898
10/22/1982,4.1696540928,0.8660467328,28.37,12.15663237,22.326,1.9947629131
10/23/1982,0.179386164,0.7324528293,35.188,14.87705706,21.66,1.4061192087
10/24/1982,14.381789832,0.8333012434,33.157,21.2984433,22.722,1.5321665153
10/25/1982,12.36134016,0.8716936247,29.505,23.72771241,22.79,2.201159745
10/26/1982,10.3297203864,0.8766486659,30.296,20.0625813,22.795,1.74457838
10/27/1982,3.94134408,0.716381699,33.714,24.32441241,22.042,3.0093523737
10/28/1982,0,0.6233149641,34.29,20.3722308,21.276,3.0206979294
10/29/1982,0.161361828,0.5953599872,35.071,21.19240656,21.868,2.7778260023
10/30/1982,4.53443868,0.6618773724,31.653,23.06553615,22.622,2.6852776325
10/31/1982,1.8891325728,0.6818494505,34.21,15.56392923,22.09,2.4307723039
10/1/1983,12.00341772,0.918459828,27.222,12.6528732,23.648,3.3276222215
10/2/1983,16.24603284,0.9416225975,26.596,10.166732928,23.059,2.7216849643
10/3/1983,12.944984652,0.9354804034,26.815,13.37012721,22.864,3.3655217142
10/4/1983,8.078383656,0.9344408026,27.232,14.401859832,22.195,2.0022381369
10/5/1983,8.5710490416,0.8976597338,29.91,21.40965,22.35,1.3644728127
10/6/1983,18.8123719464,0.9491797464,26.933,9.865574082,23.669,1.6875894242
10/7/1983,24.46002612,0.9371760768,27.968,15.47533215,23.618,2.2034948067
10/8/1983,44.13156156,0.944968994,25.558,4.811232942,23.712,3.3233216951
10/9/1983,40.378198176,0.9526761065,24.645,3.41477037,22.968,3.6274160845
10/10/1983,6.967730556,0.9270023453,27.581,15.02049861,22.017,2.5899257181
10/11/1983,14.2187136264,0.9368325596,27.389,14.05934703,23.167,1.0250239847
10/12/1983,24.44629824,0.9385280272,27.538,18.38311749,23.18,1.8297313345
10/13/1983,14.424701832,0.9354319543,27.878,22.54044258,22.839,1.8584239276
10/14/1983,16.62711912,0.9106465674,29.377,25.03485441,23.142,1.2138871894
10/15/1983,15.1576930008,0.9097181332,30.077,22.443585282,24.176,1.0199475279
10/16/1983,18.259625772,0.940213335,27.453,7.31154465,23.492,1.2408979378
10/17/1983,97.028148132,0.94917019,25.062,3.49919793,22.562,2.6124962269
10/18/1983,8.65687986,0.9103179595,28.735,24.1333326,22.312,2.7368058232
10/19/1983,7.17200892,0.8583525917,31.219,24.59379564,21.571,2.0470406179
10/20/1983,9.1924703784,0.8948391935,30.155,21.7766259,21.774,1.281800962
10/21/1983,2.993775912,0.8569753076,30.124,24.82463538,21.991,1.4638586009
10/22/1983,0.839424168,0.8155058394,31.82,22.5298071,21.866,1.1861055994
10/23/1983,5.6716936704,0.8437132204,31.573,21.9030147,24.233,0.8970501074
10/24/1983,16.35074424,0.9045540453,29.388,20.68733736,24.15,1.3810975271
10/25/1983,11.1811644,0.9215235692,27.132,9.284739282,23.588,1.4185011741
10/26/1983,17.47770372,0.9531327189,26.429,4.03070607,23.407,1.3549862103
10/27/1983,16.102689732,0.9027207296,30.945,16.660636218,22.698,0.7719255895
10/28/1983,18.570324636,0.9011635258,29.317,20.907564318,22.852,1.2421612629
10/29/1983,14.96715588,0.9229058001,29.577,14.543324802,23.891,1.9808224615
10/30/1983,7.093047708,0.8980035798,29.291,21.28600269,22.865,1.8894579934
10/31/1983,3.3525500544,0.8664057331,30.939,21.053697768,23.086,1.6119905762
10/1/1984,7.89127614,0.8805040113,30.41,23.618874582,24.599,1.4086105242
10/2/1984,12.99218904,0.8683551809,32.003,23.3848683,23.132,1.2643122311
10/3/1984,2.046204036,0.8108629111,32.206,26.42192181,22.71,1.8636434076
10/4/1984,8.871459336,0.8582228329,30.589,25.86510225,22.653,1.8499847764
10/5/1984,13.532069736,0.8917268003,29.975,23.49827325,22.837,1.6437475612
10/6/1984,8.055209124,0.8722187329,32.55,18.509573718,22.724,1.2739143266
10/7/1984,11.2884487848,0.8900682167,31.179,20.2186701,23.269,1.5621973002
10/8/1984,21.8524917168,0.9166693529,28.739,13.61902725,23.709,1.1145212092
10/9/1984,29.4965712,0.9445307289,25.024,1.92965661,23.543,0.7100937177
10/10/1984,9.3383765208,0.8992844467,28.746,17.573058,22.926,2.0843098313
10/11/1984,6.588363312,0.9148793847,28.257,17.64174645,22.678,2.5330590781
10/12/1984,19.0690128,0.9343727873,26.905,7.623394722,23.774,3.3309635364
10/13/1984,36.9449388,0.9573530434,24.015,2.31238125,22.535,3.1533931779
10/14/1984,12.151051164,0.9315621891,28.112,16.047840168,22.541,1.4561071613
10/15/1984,19.7462106,0.9361500239,27.739,18.124756218,23.09,1.8017377628
10/16/1984,21.59844084,0.9280088913,28.159,19.815135282,22.879,1.3873155205
10/17/1984,15.593718096,0.8886214613,31.033,20.912344182,22.804,1.2700557879
10/18/1984,13.487434632,0.9328448026,27.879,7.88579433,23.007,1.3062043096
10/19/1984,5.1472640664,0.8765557798,29.411,22.7552085,22.569,1.369842675
10/20/1984,1.8367765128,0.8776834251,29.571,18.00151938,21.882,1.5250989629
10/21/1984,5.4227841336,0.9195532573,26.282,8.67965985,22.079,2.0763040788
10/22/1984,20.96671896,0.9476549218,23.817,2.49356286,21.587,2.0753107564
10/23/1984,0.74758536,0.8922296515,27.491,14.366249352,21.255,1.535514186
10/24/1984,1.0522837008,0.8963114743,27.72,10.24886007,21.07,0.7419845726
10/25/1984,0.08583084,0.8674676506,28.556,14.806463832,21.073,1.6738080845
10/26/1984,1.09176732,0.8548067144,28.151,11.01369519,20.881,1.64584705
10/27/1984,12.57248412,0.9118109405,27.709,18.348071418,21.604,1.0961461153
10/28/1984,0.6093982944,0.8448435773,30.878,17.33074335,21.601,1.20501906
10/29/1984,1.8951417864,0.8962361049,27.252,8.76330297,21.68,0.8854808588
10/30/1984,3.846932604,0.8444125856,30.932,21.13689501,20.43,0.97614702
10/31/1984,4.737852,0.8427328178,31.285,17.233482582,22.118,1.265121558
10/1/1985,26.173214172,0.8553780182,31.123,20.596284882,24.458,1.2043056823
10/2/1985,17.8854020064,0.8885486439,30.69,16.1164656,23.817,0.7602004716
10/3/1985,21.0534102,0.8952210993,29.613,14.124038832,23.925,0.9664315187
10/4/1985,12.990476988,0.8988558961,28.258,15.257476368,23.367,1.6869758333
10/5/1985,1.4565474,0.8009212706,31.106,21.04498053,22.687,2.1309981755
10/6/1985,2.927685636,0.8131358679,31.399,19.612523718,22.834,1.3198262983
10/7/1985,0.396538056,0.8562282029,28.556,9.122513418,23.23,1.17716272
10/8/1985,22.71337344,0.8590645467,31.53,25.46662761,22.277,1.0503663009
10/9/1985,16.35675192,0.8362333409,32.451,25.87668741,23.322,1.1058505345
10/10/1985,8.7736169664,0.8517321089,31.46,19.82053476,22.938,0.9660245243
10/11/1985,12.9252384,0.896077245,28.567,11.60477028,23.333,2.6684708619
10/12/1985,24.7981965192,0.9308849158,27.083,15.84118206,22.798,2.8201216575
10/13/1985,17.53607124,0.9232532462,27.755,13.65092595,23.156,1.5421666805
10/14/1985,68.78900916,0.9595305578,24.945,2.8387107,23.025,1.4326011124
10/15/1985,8.4251432088,0.9130689128,28.254,14.94326718,23.188,2.003059585
10/16/1985,14.16721212,0.8858442194,29.364,18.05259753,22.924,1.9122126927
10/17/1985,2.5972370424,0.8529874194,31.225,21.20906205,21.697,1.2964013005
10/18/1985,13.051415052,0.8873618764,29.631,19.64345895,22.9,1.2668589118
10/19/1985,11.473841628,0.865528418,30.172,19.164772818,23.785,1.1299457084
10/20/1985,6.3034052544,0.8697220628,29.409,19.64829312,23.517,1.0659795032
10/21/1985,6.557463,0.8785281271,29.003,17.071933032,22.418,1.2973716128
10/22/1985,3.1147946064,0.8483020788,30.468,21.307726818,22.375,2.3541168804
10/23/1985,11.520188928,0.8123950268,32.331,21.86943345,21.068,1.6264742753
10/24/1985,9.558101268,0.8450531734,31.809,22.959675882,23.199,1.4884978689
10/25/1985,8.2251585,0.8388080072,31.943,23.35145724,22.587,1.2991843308
10/26/1985,13.12694424,0.8093284843,34.054,24.104699082,23.047,1.5560713458
10/27/1985,18.58921416,0.8427702428,31.032,14.74627491,22.537,1.5371114149
10/28/1985,10.0576416528,0.8201124762,31.843,23.33277675,22.281,1.8089044671
10/29/1985,5.48114868,0.808907305,32.023,24.75652419,21.401,1.3928891065
10/30/1985,5.952359664,0.7932928175,32.392,24.38397936,22.875,1.5192043658
10/31/1985,9.53064324,0.8040003509,30.428,23.95574685,21.999,2.0179979767
10/1/1986,12.00084876,0.9185108514,29.117,20.03018265,23.677,1.1551005961
10/2/1986,8.150478264,0.8819618051,29.971,24.34792248,23.749,1.137352477
10/3/1986,3.999712572,0.8940170208,30.766,13.772808918,23.58,1.1950653778
10/4/1986,17.983247976,0.9192648921,29.274,18.7437384,23.923,1.4950160556
10/5/1986,13.169860236,0.9103084648,28.81,22.9405527,23.129,2.554136684
10/6/1986,21.27227958,0.9245768083,28.046,22.3775496,22.844,2.8926969317
10/7/1986,10.390663188,0.8930591481,29.561,19.71866565,23.305,1.8868998202
10/8/1986,0.171661248,0.8658482369,29.351,15.3950616,22.351,1.3992515308
10/9/1986,1.2119292144,0.8700077354,29.781,17.642979432,22.95,1.248348129
10/10/1986,12.946697604,0.9057099769,29.756,15.941360178,23.302,0.9744711301
10/11/1986,8.35990776,0.8626105986,31.097,25.67784573,22.576,0.9936943448
10/12/1986,2.86331256,0.8566204995,30.968,20.43506376,22.009,0.8952581939
10/13/1986,9.80530416,0.8693113843,30.835,21.84244056,22.792,0.9497442227
10/14/1986,9.2988977328,0.8886304777,29.339,23.21549757,22.935,1.0735069738
10/15/1986,7.78656024,0.8548836247,31.374,21.89075301,24.232,1.2851537613
10/16/1986,9.3057642,0.8410260383,31.704,24.57190854,23.297,1.4658414833
10/17/1986,2.609252928,0.9040646365,28.784,13.549838382,23.023,1.4335643492
10/18/1986,18.757437372,0.8856880264,31.661,20.407441968,23.498,0.9553566848
10/19/1986,10.097124156,0.8790437609,32.441,19.196889048,23.272,1.3254289094
10/20/1986,12.555319464,0.8354060041,33.176,16.66710045,24.04,0.8666489873
10/21/1986,7.08274584,0.9083963828,27.973,14.23912482,22.881,1.5359443965
10/22/1986,11.7261864,0.8803116829,29.98,23.250492018,23.216,1.922664758
10/23/1986,16.2117059544,0.9187476113,29.41,15.027305832,23.326,1.5743393325
10/24/1986,7.391738232,0.8884604403,29.758,23.14619496,23.262,2.2734135653
10/25/1986,8.088684732,0.8395930962,32.22,23.10615153,22.462,2.185168086
10/26/1986,5.6493783,0.8336526417,31.436,22.67550369,23.037,2.2005550751
10/27/1986,8.3736427752,0.8199480544,31.832,19.05918957,22.928,1.4768315336
10/28/1986,6.41670372,0.8905349284,28.969,14.03960679,22.806,1.2748511642
10/29/1986,4.507820964,0.838480009,31.044,18.063390582,21.554,1.4136567159
10/30/1986,11.379432204,0.8064159454,32.561,22.52795895,21.092,1.0094461058
10/31/1986,3.829764996,0.8205466416,31.579,19.621741968,21.918,1.5256229601
10/1/1987,8.749578528,0.7916723648,32.165,26.26797105,24.452,1.2136769075
10/2/1987,7.862090832,0.7617588724,36.191,21.74963229,22.603,1.1029720768
10/3/1987,13.832474148,0.8273663876,32.251,24.33116349,22.687,0.9933643038
10/4/1987,15.840914184,0.8833551958,29.808,25.6919616,23.454,1.2283049103
10/5/1987,12.1707945,0.8564680806,31.46,25.68319506,22.819,1.4586883587
10/6/1987,29.0262280392,0.8935640886,29.986,23.67022716,23.992,1.1919626879
10/7/1987,4.6228389624,0.7980666916,32.71,23.42548125,23.842,2.3192334852
10/8/1987,8.9607258,0.8257294023,31.075,23.94146205,23.516,2.4603077246
10/9/1987,11.279871612,0.8519838104,30.676,19.22675364,23.017,1.561453089
10/10/1987,7.2389628,0.8212615822,33.571,24.52860117,24.195,1.5351399868
10/11/1987,16.4726244432,0.8757882991,30.656,22.48577145,23.821,1.9575916927
10/12/1987,8.172801612,0.8557189149,30.423,23.47159995,23.812,2.2751408132
10/13/1987,4.34818224,0.7720293499,34.484,19.43071749,22.749,1.4950915541
10/14/1987,3.17916792,0.7122648758,33.991,25.51713876,22.74,1.6862227174
10/15/1987,11.51504172,0.798743378,31.521,25.6644612,23.09,1.3108534503
10/16/1987,4.08039156,0.7008902122,34.424,21.84665265,24.675,1.4113669895
10/17/1987,4.449465,0.7462914505,33.969,23.43955356,22.754,1.2896347801
10/18/1987,2.689934436,0.7797490511,34.398,16.999143318,24.065,1.344882169
10/19/1987,1.096916004,0.6762422841,35.602,16.73887779,24.886,2.219755692
10/20/1987,0.6926535072,0.6157972225,37.267,20.33229033,26.109,1.5760023337
10/21/1987,0.422287272,0.6578916539,35.599,24.54958818,23.497,1.478930239
10/22/1987,16.10097696,0.7669249195,33.84,22.97632446,23.522,1.2592835423
10/23/1987,13.78268748,0.8384037844,33.084,22.47412122,23.016,1.1188092473
10/24/1987,13.707163944,0.7969492723,33.048,18.87996735,23.948,1.1499573227
10/25/1987,15.763657212,0.8039538119,34.527,19.3335282,22.751,0.8544328604
10/26/1987,13.23681732,0.8575065349,30.144,23.6453094,22.965,1.7047166341
10/27/1987,11.67984396,0.8027797004,32.496,24.72733116,22.711,1.5916570492
10/28/1987,6.16007268,0.7984317625,32.025,24.66618651,22.562,2.0048713231
10/29/1987,7.50246408,0.7811326659,35.982,20.79945279,22.979,1.7547738835
10/30/1987,2.27708676,0.7437374707,37.337,20.95789941,23.342,1.3356559293
10/31/1987,10.06879446,0.7979571501,33.816,18.62285085,23.381,1.9739161623
10/1/1988,20.82425004,0.9032387904,29.39,22.75403193,24.193,1.5908273843
10/2/1988,19.4457967848,0.9079629625,30.002,20.14711965,23.992,1.4455984098
10/3/1988,27.093309804,0.9121960277,29.733,21.6093906,23.694,1.4846534157
10/4/1988,18.61839846,0.8912086501,29.108,20.37577266,24.169,2.1551948553
10/5/1988,19.38400236,0.9328749734,27.13,9.57273255,23.846,2.4371042514
10/6/1988,14.26935204,0.9271009471,26.755,9.146876202,23.51,2.8954059836
10/7/1988,36.060060168,0.9536692267,24.306,1.220569038,23.388,2.887280609
10/8/1988,94.2876252,0.9546165962,26.204,6.03163566,23.408,2.191940383
10/9/1988,15.396305436,0.9406369817,26.56,6.028083918,23.505,2.0518218712
10/10/1988,0.8737569648,0.8887119492,27.377,15.820929882,23.39,2.7439490009
10/11/1988,0.914954436,0.8692942782,26.566,8.907583698,22.672,2.2243091206
10/12/1988,10.093689432,0.8673619508,30.487,18.94078269,21.458,1.6654091109
10/13/1988,14.126012532,0.8932922562,29.416,20.343939282,22.793,2.0041160197
10/14/1988,12.30640254,0.9049386226,28.438,11.85485625,22.792,1.8887997164
10/15/1988,4.8090944664,0.8766171303,29.068,12.55219065,22.914,2.7487517646
10/16/1988,5.28803064,0.8864807257,28.553,15.474539718,23.066,2.696993603
10/17/1988,15.26670576,0.8864409209,29.842,18.05827338,22.404,1.9011905014
10/18/1988,12.74413554,0.8901040343,29.619,21.03558885,23.517,1.7699516222
10/19/1988,7.527349152,0.881146964,29.923,13.58330895,23.482,1.3969877765
10/20/1988,8.27063892,0.8467280015,33.145,18.3498795,23.111,1.3132828509
10/21/1988,9.78470136,0.8310841223,31.639,19.76034375,23.463,1.8861330895
10/22/1988,15.820313868,0.9010940323,30.473,13.251826818,22.92,1.3316108802
10/23/1988,15.92845488,0.9080490843,29.354,14.33543103,23.116,1.2543420192
10/24/1988,11.188889784,0.881774029,29.675,18.2742741,23.269,1.860310456
10/25/1988,18.505098,0.9142763577,28.581,11.4576732,22.962,1.1984598162
10/26/1988,23.85578376,0.9069548845,28.734,18.67489047,23.314,1.6074070635
10/27/1988,7.106786316,0.8862551078,29.417,14.422158,23.634,2.0235258625
10/28/1988,2.27794752,0.845080899,27.291,14.281478568,21.847,2.2327156741
10/29/1988,3.079602,0.8252197037,30.598,24.28104069,20.654,1.3947831727
10/30/1988,5.73435108,0.8704476697,29.259,8.391825882,22.493,1.3753072862
10/31/1988,7.2629961408,0.8477764812,31.566,18.34447815,21.359,1.9323153217
10/1/1989,27.32335632,0.9016607969,29.695,21.13993575,23.872,1.0985611036
10/2/1989,24.1012584,0.9114748493,29.174,21.873096432,23.751,1.3683472079
10/3/1989,19.04411664,0.9046743312,30.66,16.902735318,24.261,1.5969357596
10/4/1989,21.45080484,0.9222415361,28.057,16.02951075,23.13,1.8912866728
10/5/1989,17.406466776,0.8832131036,32.042,19.399446288,23.075,1.0741012348
10/6/1989,34.9880172264,0.9024044289,30.249,24.88680324,23.976,1.234615712
10/7/1989,8.267217444,0.8763833566,32.441,21.60343017,24.793,1.2127082788
10/8/1989,7.3402395048,0.9020567171,30.597,17.09837433,23.973,1.2207991389
10/9/1989,11.329651944,0.9072583457,29.184,15.696729,23.447,1.1751510956
10/10/1989,19.425204144,0.9061235814,29.22,23.130729,24.11,1.0612014448
10/11/1989,24.25575384,0.9045626127,30.045,16.44333813,24.259,1.1138713706
10/12/1989,36.20678004,0.9387739774,27.503,12.166706718,23.735,1.7270787081
10/13/1989,11.044692468,0.9524466171,26.666,7.099361982,23.531,2.1112719357
10/14/1989,28.3756294728,0.9544563677,25.815,4.049553618,23.367,1.3706302414
10/15/1989,10.06621938,0.8896190304,30.012,22.28692176,23.065,1.2169381102
10/16/1989,15.12680256,0.8975952716,30.157,14.612394978,23.642,1.633490715
10/17/1989,50.065039692,0.9584924616,26.538,6.19177509,23.281,2.5443584633
10/18/1989,9.537508512,0.9069452266,29.246,24.68802366,22.971,2.3841770633
10/19/1989,13.14068004,0.8936587813,29.68,23.7317724,23.233,0.9560819517
10/20/1989,4.782489192,0.8760021605,31.156,21.249901782,23.088,1.5056361098
10/21/1989,5.1258078,0.8687860871,30.333,22.94128125,20.977,1.921407198
10/22/1989,15.063286284,0.9239631178,27.94,19.660113432,22.38,1.266437657
10/23/1989,15.8855483664,0.874077848,30.929,15.50801358,23.411,1.1249134413
10/24/1989,8.928106632,0.8586272812,30.967,24.916837482,23.23,1.2396873652
10/25/1989,8.44917444,0.8713899956,29.741,22.1909634,23.727,1.3392240259
10/26/1989,10.261919088,0.9193348186,27.45,10.275761232,23.037,1.6015733641
10/27/1989,9.6027404328,0.8814443611,30.055,21.413140218,21.957,1.5680070083
10/28/1989,13.19046102,0.880408572,29.752,17.07334065,23.28,1.4424121794
10/29/1989,10.0233063864,0.8054173647,32.592,22.832655282,23.739,1.1295963447
10/30/1989,0.2334594384,0.762460334,32.583,24.86789973,21.768,1.4090005016
10/31/1989,3.6838496376,0.829214097,28.253,10.60891092,21.928,1.7625116524
10/1/1990,12.3956727984,0.8833803297,30.943,24.76220544,23.401,1.3415442546
10/2/1990,18.089673408,0.9049894037,28.395,10.726815168,24.073,2.2912168007
10/3/1990,58.5880092,0.9598099188,25.508,2.50869366,23.91,2.6276070346
10/4/1990,11.219784516,0.9237267931,28.005,18.32164317,23.337,3.1737188432
10/5/1990,30.15746784,0.9375564085,27.402,17.29378449,23.289,2.3846030772
10/6/1990,2.0153042064,0.8801162357,30.436,22.02091335,23.234,1.8658113753
10/7/1990,14.2444608984,0.8626365545,31.601,24.886295568,22.811,0.798999127
10/8/1990,4.229738568,0.9043274109,28.562,9.15851349,23.084,0.6570362859
10/9/1990,16.774758,0.8718921812,30.187,25.68825144,22.584,1.1335656107
10/10/1990,6.361769628,0.8037624537,32.601,20.385675018,23.605,1.4686168291
10/11/1990,11.43093042,0.8106768404,32.224,22.9376826,22.268,1.2771903425
10/12/1990,15.4975977,0.905582092,27.607,12.68274276,22.856,1.6898342083
10/13/1990,6.5849283792,0.930907383,25.547,6.675977232,21.968,1.1482556607
10/14/1990,0.8342743104,0.8857850041,28.274,11.36368971,21.729,1.8650100282
10/15/1990,8.29468242,0.8648032088,30.774,20.46959505,20.916,1.2678999872
10/16/1990,3.1517058528,0.8510166921,31.211,22.17847824,21.963,1.406341896
10/17/1990,12.5570281464,0.8885507735,30.116,22.05264474,22.57,1.1174128293
10/18/1990,23.24295216,0.9309124543,28.289,8.1911259,24.132,2.244431848
10/19/1990,15.207478344,0.9044560526,28.724,16.415267418,23.949,2.2517691684
10/20/1990,9.005354532,0.8507931818,32.207,25.21332306,23.489,1.0913519128
10/21/1990,10.588067424,0.8216967994,32.836,25.57518705,23.021,1.125040122
10/22/1990,5.960084472,0.8410312977,31.971,25.14667617,23.959,1.1805379097
10/23/1990,1.088332992,0.7978506092,32.163,22.14163368,23.6,1.8526074206
10/24/1990,0.082397484,0.7501266344,32.694,25.22621529,22.784,1.8473118814
10/25/1990,8.825109444,0.8647172086,30.32,17.94329928,22.69,1.7969559667
10/26/1990,13.7037199176,0.8987395544,29.036,19.10824515,23.503,1.2918010095
10/27/1990,4.02717474,0.8451455615,31.081,24.05367423,21.965,1.5796667152
10/28/1990,7.97195376,0.8409942149,30.977,24.80467455,21.478,1.9539135047
10/29/1990,9.753800004,0.8273114365,31.328,23.91519285,21.66,1.5982743604
10/30/1990,3.405762504,0.8150040368,31.503,24.71490549,21.912,1.8646105176
10/31/1990,2.71225152,0.8043621418,30.856,24.20228637,21.773,2.2275299814
10/1/1991,3.8452153464,0.9129231644,28.565,15.12062073,22.548,1.8148351873
10/2/1991,4.3636351104,0.9435905592,25.309,4.44869451,21.933,1.1405117266
10/3/1991,14.52941928,0.9094387514,28.493,22.44183768,22.787,1.3327136048
10/4/1991,21.231074016,0.9256666144,28.909,21.334607982,23.106,1.322269422
10/5/1991,33.0894409392,0.929671353,28.498,21.93879006,23.486,2.4124651266
10/6/1991,19.7633774304,0.9292507666,28.546,16.1968536,23.66,2.3544706731
10/7/1991,9.7125978528,0.9070801819,29.779,18.44376012,23.213,2.1698200203
10/8/1991,18.069075144,0.9387856831,27.195,10.94417523,23.71,1.7371539534
10/9/1991,22.401811044,0.9193236449,28.939,21.170143818,23.448,2.081288094
10/10/1991,21.9829544064,0.9202621726,29.295,18.831093768,23.425,1.3734392954
10/11/1991,1.035118872,0.917414847,28.258,8.76662262,22.459,1.2273056808
10/12/1991,26.2470201264,0.9318077906,28.844,15.64886268,23.654,0.6189622821
10/13/1991,9.944345052,0.9220861478,29.271,20.276493768,22.993,0.7789620102
10/14/1991,6.36176772,0.88202986,30.328,25.39293534,22.366,0.8301164887
10/15/1991,2.50625628,0.847271453,30.64,25.58216466,22.341,1.2564120177
10/16/1991,3.80401776,0.8261297089,31.486,24.53416137,23.021,0.7995732754
10/17/1991,1.174164372,0.8235036606,31.748,16.87944609,22.929,1.1395538338
10/18/1991,8.401100616,0.8859738849,28.892,24.86660661,22.062,1.1983251409
10/19/1991,8.9075083464,0.876488666,31.085,23.23547136,22.338,1.0753862332
10/20/1991,15.174864828,0.9182114507,28.513,21.29720994,21.899,1.4274925455
10/21/1991,15.1268046912,0.9218479814,28.522,22.487964282,23.004,1.4699713223
10/22/1991,5.7952899504,0.8908986227,31.077,18.88273332,21.948,1.1656637164
10/23/1991,10.049052708,0.89711051,29.325,20.59576191,23.136,0.8669230586
10/24/1991,10.40611428,0.9348439496,27.194,13.90724757,23.281,1.4780217566
10/25/1991,9.576988164,0.9012205387,29.48,20.69353395,23.184,1.5417594249
10/26/1991,4.221152316,0.8717868522,30.627,22.28709285,21.711,1.8967060864
10/27/1991,10.164070584,0.861452817,30.388,22.391158482,22.651,1.3453103102
10/28/1991,1.6033167,0.8411256185,29.482,23.3429598,20.684,1.9297803087
10/29/1991,1.4831546904,0.8736270218,30.152,17.4237147,21.655,1.5264264405
10/30/1991,1.448822052,0.8817108791,28.87,18.355841118,22.309,1.36744426
10/31/1991,4.0992740784,0.8224359403,30.087,18.773550198,21.324,1.4033606351
10/1/1992,7.899860556,0.8880902592,30.197,22.687533018,22.82,1.5640289923
10/2/1992,13.23680778,0.8545308734,32.222,25.78590054,22.029,0.8722991014
10/3/1992,7.5222018,0.8455485003,30.808,26.21115126,22.339,1.4139859875
10/4/1992,2.243613348,0.8059431816,31.251,26.24726502,22.653,1.8663532559
10/5/1992,6.61582872,0.8350308467,30.766,25.60758606,22.25,1.7418880397
10/6/1992,4.88377026,0.8381422955,31.557,24.79882302,22.645,1.6966558495
10/7/1992,19.496439756,0.8875577858,30.531,25.7402889,22.94,1.4063837644
10/8/1992,11.203477092,0.885299761,30.554,21.5471124,23.53,1.4346928148
10/9/1992,18.51711588,0.9153659515,28.765,25.56472302,23.125,1.4531525074
10/10/1992,14.70451176,0.9237319252,28.871,13.89617145,23.03,1.1561121948
10/11/1992,51.22461744,0.954634327,26.178,4.168627578,22.893,1.0874881598
10/12/1992,26.604101556,0.9094996989,30.542,22.82961861,22.536,1.160363572
10/13/1992,43.200280908,0.9329990531,28.691,10.36665423,23.442,1.3235269923
10/14/1992,4.6983746952,0.8871067925,29.859,22.5362754,21.946,1.8652925458
10/15/1992,5.585863644,0.9051950637,28.516,21.36993885,22.582,1.4561641011
10/16/1992,12.5827780824,0.925711434,28.996,13.809427398,22.288,1.0598350077
10/17/1992,14.05220742,0.9237076659,27.714,22.96535508,22.564,1.058642932
10/18/1992,7.834626,0.8935692324,29.583,18.411021432,22.665,1.1004923495
10/19/1992,0.3210066792,0.8878164373,29.258,16.488275382,23.059,2.5407129117
10/20/1992,0.331306884,0.9036999153,27.416,12.109098618,22.746,3.1329719289
10/21/1992,0.086689008,0.8519547706,28.287,14.206449168,21.772,2.5967161731
10/22/1992,3.2186506464,0.8842709654,28.023,10.496757888,21.662,2.9280563039
10/23/1992,15.9181578,0.9180882611,23.728,6.26698305,20.988,3.305747215
10/24/1992,1.9766807424,0.9262914664,25.534,7.789618818,21.009,2.795231938
10/25/1992,2.173232988,0.9240816677,27.59,11.864812968,21.065,1.3121205327
10/26/1992,23.0129092944,0.9558821678,24.4,3.3217884,21.61,3.3009828912
10/27/1992,4.9301137368,0.862906892,30.322,23.20975944,19.623,1.6328703509
10/28/1992,2.72769948,0.9246437913,24.648,9.15406668,20.909,1.9824525033
10/29/1992,7.6063165128,0.9251259684,26.858,10.4762205,20.071,2.4751382107
10/30/1992,12.340742832,0.9377212482,27.316,18.37557225,22.493,3.3383926435
10/31/1992,4.147345188,0.863214036,30.147,24.25106889,20.929,1.9472360392
10/1/1993,23.8489116984,0.9159857393,28.916,20.7080982,23.391,1.703545312
10/2/1993,12.17079072,0.9210852296,28.272,15.6254553,23.738,1.6143893717
10/3/1993,27.658080504,0.9421697725,26.264,8.065967832,23.522,2.2235927133
10/4/1993,11.88926532,0.9525099388,24.306,2.752649712,22.969,2.3902610816
10/5/1993,8.04920076,0.9437519942,23.888,3.35728251,22.2,2.8165635923
10/6/1993,11.8909835784,0.926347843,28.677,13.724547282,22.267,1.1861314894
10/7/1993,29.075992524,0.9474818064,27.292,12.508425,23.289,2.0426283761
10/8/1993,13.95950472,0.9473243042,25.852,6.417166518,22.617,2.0822971748
10/9/1993,0.724410792,0.8842471592,29.299,18.25358085,21.625,1.7469140757
10/10/1993,0,0.7766748557,30.612,26.39188449,19.845,1.5559254609
10/11/1993,0.05493168,0.8320567803,29.478,14.46716052,22.104,1.0169674882
10/12/1993,6.097409712,0.8845150714,27.88,19.92937545,21.51,1.6705501015
10/13/1993,17.9729482392,0.9151757312,28.912,19.93330989,22.66,1.2983428149
10/14/1993,8.49380238,0.8856491086,29.936,20.20061835,23.291,1.2291631223
10/15/1993,7.3642751784,0.9068844978,29.609,17.82601875,22.953,1.7920980745
10/16/1993,13.0050659808,0.9304513515,29.04,13.74221205,22.936,1.354581565
10/17/1993,9.6748341264,0.9035176978,30.381,19.69857855,23.413,1.5304974207
10/18/1993,7.63206984,0.8831912442,29.92,21.810601368,22.908,1.4250181071
10/19/1993,5.79185568,0.8581150381,30.874,23.24856681,23.244,1.6724511931
10/20/1993,11.44466604,0.9043681986,29.6,22.20547455,22.987,1.2179148169
10/21/1993,5.2768704384,0.8775611663,30.078,21.62345922,21.8,1.113421638
10/22/1993,12.64114764,0.9075597049,29.48,16.11630837,22.071,1.2866932669
10/23/1993,15.473558052,0.9001660016,29.563,20.08597545,22.305,1.4036105611
10/24/1993,4.023746208,0.8968108746,28.357,16.354688418,22.899,1.5452825299
10/25/1993,17.634767364,0.8834869289,30.03,23.75111655,22.942,1.3303030189
10/26/1993,12.1776623064,0.9095370998,30.103,19.7220384,23.176,1.3017749536
10/27/1993,13.40503956,0.9075672894,28.672,19.416154662,23.195,2.0172008989
10/28/1993,0.66261294,0.8233246539,30.746,24.95835099,21.916,2.8496086197
10/29/1993,0,0.7774977264,31.847,25.25653359,21.176,1.7195909376
10/30/1993,0.370788552,0.7586146827,31.718,24.93253053,20.218,2.0097524603
10/31/1993,0.240326064,0.775492756,28.803,15.894285282,21.872,3.4529558713
10/1/1994,3.5259243912,0.8106966907,33.498,25.78522365,22.651,1.4267798578
10/2/1994,12.781900368,0.8451438847,30.759,26.13110445,22.66,1.6560969737
10/3/1994,10.7271162864,0.8781466446,30.509,23.588330832,22.791,2.0120191908
10/4/1994,4.001427,0.8331459861,30.791,26.54521389,22.639,2.3277661623
10/5/1994,0.794792124,0.7859015467,31.864,26.02906173,21.948,2.3756464006
10/6/1994,0.9269708688,0.7562793427,33.97,26.66610549,21.787,1.2208461156
10/7/1994,11.498734656,0.8270275853,31.542,21.806156682,24.086,1.5470105244
10/8/1994,6.8561536464,0.8149139375,33.154,21.88304235,23.719,1.4600606044
10/9/1994,3.9361928544,0.8199320852,31.722,23.63259465,23.172,1.5681176872
10/10/1994,9.0345348,0.8226635191,32.455,26.21755161,22.144,1.5583817773
10/11/1994,6.01329744,0.7934700259,33.174,26.26863561,22.8,1.0387277698
10/12/1994,7.71617196,0.8531445905,30.383,23.34577761,23.158,1.4071004429
10/13/1994,6.52828248,0.8066127549,32.313,25.13936565,22.329,1.2271985209
10/14/1994,9.46025892,0.8383676758,31.189,26.1525888,21.708,1.2788939084
10/15/1994,2.58693642,0.7873561565,32.243,26.20872612,21.454,1.1803095304
10/16/1994,8.62169256,0.7845971737,34.163,25.93102068,21.536,0.9325397622
10/17/1994,5.16529296,0.7772618336,32.542,26.0246808,22.716,1.9195632411
10/18/1994,10.1125764,0.8430657161,30.384,25.30440234,22.682,1.6641530103
10/19/1994,10.53829116,0.8131686298,32.586,25.57259946,22.28,1.4353302378
10/20/1994,8.2165702464,0.8241480494,33.556,22.147484382,22.413,1.3976747318
10/21/1994,7.71274764,0.9236120436,24.655,3.777748398,20.962,2.7406705461
10/22/1994,0,0.6904049037,30.152,20.89097145,20.83,3.8333600289
10/23/1994,0,0.6077083612,29.972,24.27940341,19.362,4.4911568446
10/24/1994,5.1833120184,0.8160730264,21.571,4.201926102,18.603,3.0421979154
10/25/1994,37.4256,0.9468233202,20.353,1.46446929,18.741,2.8279148814
10/26/1994,17.3480994,0.9451913003,21.243,1.94349411,19.991,2.9917724485
10/27/1994,3.606608448,0.918568408,24.848,6.81445899,19.749,2.1930622291
10/28/1994,0.0823974624,0.870217731,28.858,15.533606232,21.649,2.0555681069
10/29/1994,33.8267352384,0.9054594149,28.991,23.16223665,22.567,1.2910082542
10/30/1994,12.74156316,0.921206545,27.686,20.77452765,21.636,1.3834256281
10/31/1994,7.5016033272,0.8728932778,29.814,20.98715985,20.943,1.1603478289
10/1/1995,9.707446368,0.9061960611,30.123,15.8361174,24.418,1.3976358202
10/2/1995,16.7936328,0.9064959617,30.27,25.85930877,23.045,1.0851245834
10/3/1995,11.065295952,0.9123139176,29.9,22.180056282,23.426,1.3039450609
10/4/1995,14.295097152,0.9027466144,30.751,20.240046198,24.465,1.3139840235
10/5/1995,9.9117325584,0.8925946933,30.613,22.23321165,23.47,1.019445501
10/6/1995,67.23288396,0.9534569123,25.563,4.61069685,22.756,1.5368905064
10/7/1995,6.7102389144,0.9557982593,25.53,3.55820976,21.72,1.0280155906
10/8/1995,17.442513,0.9238966677,29.278,20.4783156,21.749,1.9808284636
10/9/1995,20.061201204,0.9207608416,29.028,21.8559348,22.972,1.94285185
10/10/1995,27.027221688,0.9430277641,28.428,16.59020409,24.032,1.6401715918
10/11/1995,18.2647684944,0.9444205018,27.321,16.72025544,23.276,2.3423264379
10/12/1995,9.5014637784,0.9170416222,28.735,23.02503696,23.216,2.3272905961
10/13/1995,15.271853724,0.924469985,29.154,21.179589318,23.956,1.480078126
10/14/1995,5.9343333264,0.9141069052,29.244,21.44862765,22.634,1.2230030952
10/15/1995,2.9491421904,0.8772271752,29.88,21.402562968,23.596,1.2278296744
10/16/1995,1.764678852,0.8479555806,31.22,24.7037616,22.395,1.1558022819
10/17/1995,0.69866172,0.8326274224,31.371,25.4176317,22.704,1.4684281914
10/18/1995,9.75551436,0.9028140686,28.464,15.426451242,23.839,1.2114241229
10/19/1995,9.93576114,0.871443837,29.211,23.002142418,23.271,1.6217546023
10/20/1995,5.7317707584,0.8924090688,28.819,23.3633295,22.144,1.3706521504
10/21/1995,3.8606635944,0.8741033083,31.703,18.985725018,22.364,1.0690863847
10/22/1995,7.8929913384,0.8786831177,31.151,24.02161497,23.089,0.8462605163
10/23/1995,16.558458084,0.8831819676,30.822,22.79498085,22.686,0.9903408432
10/24/1995,17.876818224,0.9198712303,29.217,19.65751785,23.091,1.4531392067
10/25/1995,6.0785262,0.9010716437,28.864,14.40590184,22.025,1.5935511777
10/26/1995,0,0.8754648051,28.589,15.70746969,21.542,2.6229255366
10/27/1995,2.44960668,0.8627527664,31.553,24.467688,21.063,1.5702509674
10/28/1995,7.59429756,0.8798428263,29.885,23.97858183,22.457,1.8078525296
10/29/1995,9.2216500704,0.9117654592,29.732,19.21044735,23.148,1.4061293538
10/30/1995,7.5445175664,0.9252777828,28.751,15.70454631,23.653,1.6783986172
10/31/1995,0,0.8496512142,29.772,18.473904,21.886,2.0783801964
10/1/1996,37.35351504,0.9556236147,25.911,4.2026085,23.09,1.3982276225
10/2/1996,12.4574668992,0.8974856479,29.579,21.54881835,22.677,0.9772394316
10/3/1996,12.996483444,0.8847487099,30.892,22.305091068,23.264,1.0075045661
10/4/1996,1.785277944,0.8314657251,30.644,26.58751812,22.148,1.8230625764
10/5/1996,1.45397196,0.8095836675,31.8,26.48683413,21.827,1.9872260574
10/6/1996,7.2973188,0.838170948,31.129,26.35200261,22.526,1.9928115095
10/7/1996,10.9236724992,0.8056501023,33.999,25.85914029,22.112,0.9618954881
10/8/1996,10.2378828384,0.7893131059,34.073,26.42044824,23.517,1.3258205077
10/9/1996,13.447950804,0.8599168272,31.67,25.51904685,22.848,1.2180538505
10/10/1996,3.92246316,0.8263467727,32.194,21.25569033,23.648,1.556550994
10/11/1996,11.6849934,0.8401610987,32.227,24.58339101,22.464,1.5726050673
10/12/1996,0.47378538,0.8104146823,31.942,24.47123148,22.693,1.6368797809
10/13/1996,5.6648248992,0.8552447344,30.394,20.52320535,23.329,1.0718546553
10/14/1996,6.05278152,0.8747498511,31.258,19.330765938,23.765,1.3926941105
10/15/1996,6.782338296,0.8867619378,30.512,18.216003582,23.552,1.0851923702
10/16/1996,19.6706769264,0.9032927335,29.545,23.48741286,23.41,1.2134201808
10/17/1996,12.018013992,0.8977555758,29.545,20.93647356,23.199,1.4545460781
10/18/1996,18.5943587328,0.9023082938,29.801,24.268837968,23.855,1.1121833562
10/19/1996,7.436375712,0.8900843662,30.765,21.23471205,23.907,1.3027968473
10/20/1996,3.8623810824,0.8669476204,30.491,21.19747635,23.797,1.5183705418
10/21/1996,0.2720832984,0.8590802182,30.34,22.127228118,22.544,1.7759794316
10/22/1996,6.8724585,0.8951639863,29.309,18.58837725,22.827,1.6308158696
10/23/1996,5.985831528,0.9080467667,28.324,17.760601368,23.773,2.2564766513
10/24/1996,2.0256048648,0.9088676657,28.025,17.64073287,22.924,1.9309180281
10/25/1996,15.0444158112,0.8880921898,31.979,24.01228404,22.375,1.4300588999
10/26/1996,2.6916532128,0.838328678,30.47,19.453499262,22.93,2.6249815993
10/27/1996,2.973177072,0.8248797578,29.903,24.27761223,21.643,2.5706081075
10/28/1996,7.590868452,0.8661215623,30.842,24.15566475,21.304,1.6146221872
10/29/1996,0.840282192,0.8464321163,30.287,24.07438755,22.3,3.6471287488
10/30/1996,18.71624088,0.9187209724,28.016,17.79187653,23.483,2.8390908681
10/31/1996,6.819250212,0.9208913758,29.278,16.969950018,23.551,1.7135698872
10/1/1997,15.41862288,0.8544265205,32.931,26.5355442,23.07,1.0490911119
10/2/1997,15.4375088184,0.8799130219,30.763,21.465216,24.202,1.1608489759
10/3/1997,8.3890917864,0.8939009611,30.936,22.40797509,23.555,1.0548136369
10/4/1997,41.215901832,0.9289262332,29.299,13.21525395,23.574,2.0480624885
10/5/1997,18.8604355464,0.9297051944,28.094,25.14796839,23.138,2.2440112896
10/6/1997,8.1590669064,0.8868363406,30.711,23.89433058,22.001,1.0421004589
10/7/1997,5.0897604888,0.813815859,32.643,25.88056938,23.687,1.7160522521
10/8/1997,5.0073600528,0.8619474721,30.478,26.36999865,22.585,1.2418347232
10/9/1997,10.95715188,0.8675901861,31.293,25.64381889,22.439,1.1596212819
10/10/1997,4.8562999128,0.8682361396,30.121,24.2008308,22.315,1.3177091581
10/11/1997,3.4435271088,0.8511301475,31.207,26.1957366,22.973,1.6318304207
10/12/1997,16.01428932,0.8380900273,31.949,26.26587756,22.515,1.5214799183
10/13/1997,17.23823028,0.843256445,32.771,25.92663516,23.331,0.8896501338
10/14/1997,9.3340891224,0.8259031414,33.351,26.06860836,22.792,1.1189207285
10/15/1997,15.334514496,0.8465506053,33.02,25.679082618,23.473,1.3922299478
10/16/1997,18.49994172,0.9064782793,29.051,17.20795185,23.142,1.5146295554
10/17/1997,5.548095504,0.8440055016,31.389,25.11854892,22.849,1.8264865519
10/18/1997,5.70774096,0.8353576373,31.118,25.41290913,22.845,1.6691924145
10/19/1997,3.174878016,0.8403910968,32.45,18.51222042,21.997,0.9308605893
10/20/1997,4.0666605408,0.8553467521,29.575,22.072387482,23.813,1.4707295443
10/21/1997,9.5649724512,0.8511312571,32.93,14.70599757,24.047,1.1802694328
10/22/1997,15.2521152624,0.944981768,25.04,2.14610607,23.99,1.0964346519
10/23/1997,3.8537964,0.8347255626,32.92,19.28975841,22.292,1.1240009842
10/24/1997,2.034189324,0.8052087245,32.371,24.79336335,23.609,1.2786359913
10/25/1997,0.327873348,0.8087142459,30.353,19.208475,22.725,1.4940916374
10/26/1997,0.894356136,0.8438574424,30.234,17.2716804,22.067,1.4955375231
10/27/1997,2.9010816,0.8215807019,31.545,25.07714991,21.765,1.4857896238
10/28/1997,8.8251164712,0.8568825334,31.386,22.94032743,21.944,1.704907327
10/29/1997,8.522987436,0.8887988793,31.329,17.810099712,22.263,1.1636755565
10/30/1997,16.950694356,0.8930220563,29.874,18.27331947,23.349,1.866628089
10/31/1997,5.0485613688,0.8546988,29.439,23.44618665,21.824,3.8247233035
10/1/1998,6.0150194064,0.9039778684,28.726,14.196261762,24.353,2.9010424275
10/2/1998,0.0308990592,0.8586963237,29.65,24.08597136,22.746,1.9997718566
10/3/1998,0,0.8463309057,30.836,25.51612149,22.759,1.7109746942
10/4/1998,7.2732969504,0.8975521737,30.268,19.40191515,23.593,1.8487972742
10/5/1998,19.5110343144,0.9319659939,29.388,16.081481808,24.268,1.4802751397
10/6/1998,10.246470264,0.9126134526,29.535,21.413808918,24.198,1.6807303629
10/7/1998,5.580713952,0.9033661755,29.622,21.522830688,23.87,1.8841588795
10/8/1998,14.2324478928,0.9052393893,29.812,19.39382136,23.578,1.206399801
10/9/1998,8.129880252,0.9225784925,28.974,17.63561565,23.766,1.2681532001
10/10/1998,0.5149840824,0.8821979405,30.73,17.333603982,23.824,1.0619100764
10/11/1998,5.7661007688,0.8985556745,29.733,17.67543525,23.689,0.9085160748
10/12/1998,6.317136,0.8325206116,31.968,25.91763948,23.45,1.3403918247
10/13/1998,10.00270764,0.8538522111,31.85,25.99610436,22.768,0.9250481095
10/14/1998,6.8836243464,0.868297524,31.97,21.68296164,23.558,1.3250035452
10/15/1998,11.0979002304,0.8803571122,31.314,24.45395976,24.505,1.0674298546
10/16/1998,9.72118152,0.8959681319,30.482,24.141145482,24.575,1.5478988943
10/17/1998,5.9738112504,0.9036426577,30.008,21.202425432,24.18,1.8776955827
10/18/1998,35.9784906264,0.9206872311,29.873,15.26557338,23.955,1.4446180649
10/19/1998,7.382295648,0.8994739505,30.788,20.161352232,23.816,1.0295179156
10/20/1998,0.7312772664,0.8482429015,31.278,20.205118818,23.75,1.826931474
10/21/1998,17.37556092,0.9241031224,29.447,11.92224267,23.691,1.6441624125
10/22/1998,14.78004588,0.9208644021,29.041,10.68148305,23.515,2.0642291713
10/23/1998,9.9100135296,0.9077467688,29.068,16.892609418,22.786,2.1695666622
10/24/1998,5.5618310304,0.9104683037,29.251,10.34830755,23.35,0.8363346145
10/25/1998,10.811228544,0.8936517939,30.15,22.4601147,24.007,1.112412429
10/26/1998,10.902211416,0.9046132316,29.709,19.731206718,23.475,1.2089071987
10/27/1998,9.50317596,0.8679392361,30.598,24.37458768,23.149,1.4160549447
10/28/1998,0.044631936,0.8299406714,30.995,22.53065571,21.777,1.3046360479
10/29/1998,7.27844004,0.84766315,31.053,24.18592239,22.055,1.684800272
10/30/1998,6.46820388,0.8692286974,30.176,24.37357653,23.069,1.9971586796
10/31/1998,7.5754208664,0.85274803,31.706,24.54176052,22.272,1.2698537996
10/1/1999,10.6043868,0.8538507071,30.791,26.36291736,22.913,1.2861835082
10/2/1999,11.46698208,0.837150687,32.168,26.66879721,23.428,1.3995406312
10/3/1999,12.57504624,0.8146171097,31.104,24.782112432,24.085,1.7312635746
10/4/1999,2.42557308,0.7593681664,33.378,26.85650949,22.409,1.6483771238
10/5/1999,11.799141192,0.7706944707,35.313,20.98945476,22.974,1.0580594606
10/6/1999,6.2759418624,0.8038771777,32.751,20.04401997,23.549,0.9852538837
10/7/1999,5.43051072,0.9060910276,27.525,5.40798174,23.507,1.1669409437
10/8/1999,2.892493728,0.8474538021,30.752,16.375273632,23.406,1.5710000528
10/9/1999,11.95792344,0.8697575155,31.451,20.775087648,23.995,1.1211596178
10/10/1999,7.11192996,0.8093114267,32.851,26.23016016,23.646,0.9813954988
10/11/1999,5.6536693776,0.7921652441,33.306,26.49864609,23.241,1.2373912265
10/12/1999,4.33445256,0.8294854926,31.697,24.90530868,22.869,1.7051281981
10/13/1999,5.8279077504,0.8901366337,29.525,18.98302896,23.08,2.2450520041
10/14/1999,7.1136481392,0.8690556008,30.925,24.42183714,23.432,2.3349651104
10/15/1999,2.8040892984,0.8721458188,30.078,19.62809784,22.451,1.4231695499
10/16/1999,9.57526812,0.8789922692,29.618,20.221195482,23.258,1.7360463736
10/17/1999,2.2779469296,0.8828233538,28.454,11.705678568,22.995,2.3411178802
10/18/1999,81.78206544,0.9445384597,25.163,1.596431322,23.155,2.7808658655
10/19/1999,2.284813008,0.8736825735,28.713,11.827413018,22.449,1.8351047279
10/20/1999,0.0738144,0.8298378293,32.13,21.41223255,21.911,1.3030866735
10/21/1999,5.81245704,0.8298898641,33.723,25.38107073,22.052,1.0729468554
10/22/1999,9.3675608064,0.8622476117,31.208,24.84061029,22.733,1.902367619
10/23/1999,6.998634504,0.8887858795,30.191,11.93580405,22.627,1.8030472507
10/24/1999,3.0547146024,0.9011887922,29.222,19.01767248,23.364,3.8971671967
10/25/1999,18.49137192,0.9457747368,27.575,11.47567437,23.619,2.6145643847
10/26/1999,4.87089432,0.8751579884,31.164,19.17877365,22.648,1.9586335992
10/27/1999,4.8494368944,0.8849092441,32.18,19.1532906,21.945,1.4410565841
10/28/1999,16.26835284,0.8969064023,29.853,21.510845982,23.653,1.5875712586
10/29/1999,5.4948778704,0.8982939669,30.657,19.15435683,22.672,1.3651056265
10/30/1999,11.54937888,0.8978821358,29.902,23.70346641,22.204,1.6726701258
10/31/1999,2.3895263304,0.8863862481,30.622,15.613368318,22.321,1.3869842306
10/1/2000,12.80250936,0.8732168796,31.571,26.37337545,23.323,0.779508553
10/2/2000,10.4284268064,0.9036680378,29.795,22.54658058,22.878,1.071662469
10/3/2000,5.941203084,0.8805062853,31.205,22.89712725,23.488,1.5493153663
10/4/2000,8.6877828144,0.868429425,31.556,23.55013944,22.952,1.2582085796
10/5/2000,16.7378427864,0.8662840309,31.01,24.97415202,24.244,0.9251492495
10/6/2000,43.553954196,0.8737297842,29.961,18.66116403,24.024,2.3089047832
10/7/2000,18.90936936,0.927693461,26.349,8.973171,23.382,3.5573278042
10/8/2000,35.952737616,0.9555000621,26.611,5.3823924,23.47,1.7306324143
10/9/2000,30.275919756,0.9518183944,26.964,5.91007203,24.06,2.9856306475
10/10/2000,29.6776728,0.9458222237,26.065,4.75419573,23.154,3.9013631432
10/11/2000,27.89151552,0.9490322011,25.675,2.30698503,23.514,3.4691482575
10/12/2000,7.564265172,0.9425713757,25.434,4.025585862,23.366,2.3893540396
10/13/2000,22.66444908,0.9400126234,27.978,13.02389487,23.205,3.1501453017
10/14/2000,2.3620612968,0.9281303681,27.412,14.0217723,23.661,2.6957071079
10/15/2000,5.1309577944,0.8949436718,29.037,19.198917432,22.99,2.124726341
10/16/2000,3.72676878,0.9041386785,28.58,15.299721882,23.111,2.3150586569
10/17/2000,9.581280408,0.8841968251,30.563,23.54248296,22.571,2.439685908
10/18/2000,1.998139716,0.9339177335,27.79,6.74876511,23.698,1.519063452
10/19/2000,9.3297910032,0.9147888837,29.908,18.683380062,22.723,1.5318069559
10/20/2000,16.9361091,0.933321267,29.286,18.049164768,23.752,1.3165862927
10/21/2000,14.756015484,0.915158711,31.104,21.031652682,24.468,1.2735720075
10/22/2000,17.5291947,0.9192763131,30.05,20.85738345,24.517,1.1042141387
10/23/2000,6.1197291,0.8987245666,29.823,20.03905863,23.478,1.8749078413
10/24/2000,5.2528398264,0.8679105334,31.383,24.34116744,21.981,1.6607486381
10/25/2000,5.5961604,0.8671080344,30.657,24.489117,21.669,1.2265496522
10/26/2000,14.10970788,0.8985559018,29.859,23.87002311,23.89,1.103289513
10/27/2000,22.11084324,0.9227278972,28.862,18.397465218,23.664,1.0343902744
10/28/2000,21.595001508,0.9130816173,30.335,19.26326835,24.272,1.4312636628
10/29/2000,7.369426908,0.9155857925,29.245,16.849074582,22.805,1.1819629745
10/30/2000,4.873468896,0.9054062434,29.299,17.90454825,23.348,1.1907096794
10/31/2000,10.1417544,0.9425759219,25.603,5.148449352,22.224,1.0454740957
10/1/2001,22.5631728,0.9044753071,30.786,25.50447549,23.568,2.0353519965
10/2/2001,13.1698583208,0.9000547391,30.036,22.782427218,24.054,2.1715188726
10/3/2001,6.7222603728,0.8644792556,31.429,25.03159317,22.975,1.5254492716
10/4/2001,2.961161244,0.8507882783,32.62,23.886391968,23.174,1.5135376984
10/5/2001,11.46355236,0.8473504419,31.322,20.980913832,24.446,1.1626051345
10/6/2001,10.2945325824,0.9004413126,30.308,13.61570463,24.322,1.2042574884
10/7/2001,4.05292464,0.8780734061,31.4,20.282278032,24.138,1.4439329409
10/8/2001,6.0656533848,0.8706310541,31.87,23.01755661,23.553,1.1978334639
10/9/2001,6.8484313584,0.8889976791,31.131,20.84068197,24.077,1.1678905201
10/10/2001,19.6311961008,0.8907488866,31.203,21.988403568,24.035,0.9900883563
10/11/2001,12.26864556,0.8842445373,31.122,18.08949663,24.33,1.0654684101
10/12/2001,2.9457089712,0.8504695405,31.807,23.11070868,22.72,1.3136060513
10/13/2001,10.2164278032,0.8759818366,31.377,21.240563382,24.498,1.115960762
10/14/2001,28.96694244,0.8948545745,28.764,10.96622118,23.616,1.3242952416
10/15/2001,2.9628738,0.8649814818,30.676,18.3789585,22.713,1.2931678704
10/16/2001,3.3319456776,0.8420255118,33.056,22.708738782,23.183,1.1773630296
10/17/2001,2.2436136648,0.8435192557,31.231,18.7617906,24.092,1.2933153329
10/18/2001,3.4555436568,0.8425696449,30.396,16.1524161,24.154,1.5837040681
10/19/2001,10.86101874,0.8623170746,32.321,23.839417818,24.3,1.1812345634
10/20/2001,4.0949827128,0.8505082888,32.32,21.5699634,23.709,1.0589420618
10/21/2001,8.830263528,0.8813125114,29.958,20.90515032,23.986,1.742702239
10/22/2001,31.37969988,0.9275095971,28.129,17.10033669,24.19,2.0540861052
10/23/2001,5.412481704,0.8980156867,28.987,22.53189681,23.544,2.7781666191
10/24/2001,18.3866425128,0.8664280588,30.702,24.76783269,23.355,1.8531727296
10/25/2001,1.381874076,0.834209086,30.789,24.64998804,23.258,1.7037706489
10/26/2001,14.39380944,0.8698261252,29.786,24.23818584,22.484,1.4843826323
10/27/2001,11.37599856,0.8561489078,31.548,23.75155971,23.1,1.549915077
10/28/2001,5.58071064,0.8464450545,31.345,21.806496018,23.185,1.2938877838
10/29/2001,1.66683132,0.7912780276,32.615,24.95232369,22.384,1.4786693244
10/30/2001,19.9745208,0.8914426731,29.843,18.01923678,23.262,1.6937997321
10/31/2001,5.50689732,0.8605887286,30.287,24.1164522,22.574,2.031870746
10/1/2002,10.4902268256,0.7695354561,34.479,22.786701318,24.239,0.9204367754
10/2/2002,15.456387168,0.8085180896,34.101,22.04437095,24.975,1.392038664
10/3/2002,8.11443078,0.8580100671,29.408,10.303588368,24.723,1.1981464968
10/4/2002,15.43064202,0.8693984023,30.913,24.394546782,24.225,1.5535518468
10/5/2002,16.11728748,0.8529154427,31.459,24.8199228,24.071,2.1309905922
10/6/2002,6.20212122,0.8203965465,33.779,25.54222635,24.027,1.3037284457
10/7/2002,13.187886912,0.8411927807,31.314,25.13845575,24.931,1.8794574733
10/8/2002,22.82065956,0.8859999442,30.639,14.1059259,23.79,1.67477774
10/9/2002,8.9186703264,0.8066766031,31.469,24.76445373,21.809,2.6765455919
10/10/2002,1.9766803104,0.7837846818,33.047,26.08847397,21.073,1.6347208122
10/11/2002,10.73828124,0.8323152446,32.185,24.42959856,23.613,1.4381004292
10/12/2002,8.44573788,0.8343727512,33.029,21.63718125,23.766,1.4352760376
10/13/2002,6.009867,0.8580374059,32.285,21.61777437,23.121,1.2598437279
10/14/2002,2.65818276,0.7959536589,32.084,25.3334817,23.443,1.9216499498
10/15/2002,2.0290363344,0.7677631559,33.311,19.392638832,23.643,1.2473827427
10/16/2002,4.5490265064,0.8118346398,33.992,11.46054033,24.849,1.4365604257
10/17/2002,15.035816124,0.8717672708,31.433,22.377825,23.967,1.8505169052
10/18/2002,19.06814376,0.8960034754,30.564,24.29083341,23.735,1.3824894107
10/19/2002,21.89369664,0.8777225744,31.997,22.47227334,23.923,1.2838334423
10/20/2002,14.7096633024,0.8526526194,31.863,20.28830895,23.938,0.8943297797
10/21/2002,5.9394834,0.8151420342,33.744,23.853766968,24.941,1.2285342566
10/22/2002,10.883326392,0.831855567,32.379,25.45442145,23.823,1.3577847673
10/23/2002,11.777689152,0.8643661826,30.057,24.85586421,23.849,1.4120067897
10/24/2002,3.1276703808,0.8123207872,31.508,19.9329822,23.574,1.6190662444
10/25/2002,7.5428040312,0.8667086175,30.392,19.68311016,22.888,1.5388618384
10/26/2002,5.54637996,0.8651850967,30.315,24.59048247,23.877,2.8439241864
10/27/2002,0.144195444,0.7722527146,33.413,25.34271039,22.284,1.9247283046
10/28/2002,7.37457336,0.853737842,29.875,13.82309937,23.305,1.2476160714
10/29/2002,13.5166197528,0.8577304595,31.494,16.719583482,24.177,1.1573086754
10/30/2002,6.473351988,0.8145962634,33.634,20.366540568,24.163,1.3800987899
10/31/2002,6.734276964,0.8489049578,30.553,21.35255409,22.798,1.4921847612
10/1/2003,11.70559242,0.9330278998,26.895,6.87678885,24.585,1.1948800288
10/2/2003,17.560958652,0.8413734973,34.57,23.69479995,23.873,0.9043838935
10/3/2003,17.950634712,0.8664289744,31.824,18.92586969,24.359,1.594251068
10/4/2003,8.785626084,0.8695347689,30.22,23.347854,24.012,2.2465475773
10/5/2003,9.2731472208,0.8469450027,31.608,20.20668444,23.969,2.1101114263
10/6/2003,1.6822810728,0.7832254672,33.345,23.551983432,24.628,2.0007496615
10/7/2003,3.065872176,0.7808057549,35.093,26.260533,24.15,1.6769655171
10/8/2003,10.67904576,0.8478367668,31.214,25.86194892,24.106,1.3557685903
10/9/2003,7.51533138,0.8505180467,32.543,25.90233669,23.722,1.112206739
10/10/2003,4.66918452,0.820449714,33.126,26.13729645,23.355,1.0761203136
10/11/2003,11.50817832,0.8158003602,33.603,25.744275,23.01,0.907010406
10/12/2003,12.14332254,0.8457999679,32.285,18.080659782,24.289,0.9909305115
10/13/2003,23.400874908,0.8187665649,33.437,23.147156682,24.466,1.5217697061
10/14/2003,19.31189976,0.9162298739,29.282,23.38830477,23.523,2.5902894461
10/15/2003,10.44387936,0.8827239107,30.976,22.6168884,23.063,1.6392284473
10/16/2003,10.8901979784,0.8562782821,32.103,20.25258885,23.685,0.8321046503
10/17/2003,19.5556613328,0.8875307001,30.129,22.563566082,24.246,1.2659295535
10/18/2003,17.81845452,0.8888697409,31.226,21.243203568,23.891,1.0720811935
10/19/2003,19.8028503,0.9167610931,29.043,19.0953477,23.592,1.4290934304
10/20/2003,45.514324044,0.9504253161,26.192,3.680268678,23.819,1.3074729297
10/21/2003,3.9688158024,0.9045503395,28.233,13.17070899,23.249,1.5997801697
10/22/2003,7.3213578144,0.9031974744,29.272,14.954731182,23.53,2.1578164081
10/23/2003,14.2547562,0.9435648598,24.973,3.488233608,21.219,2.5100851355
10/24/2003,7.05871224,0.9376536037,25.728,5.16397266,20.903,1.4947687377
10/25/2003,3.4589758824,0.8540218942,30.792,18.99371115,22.285,0.8840784043
10/26/2003,3.227232492,0.8405583097,31.513,19.335994902,21.842,1.7475077683
10/27/2003,0.127029204,0.7695025689,31.121,25.46297316,20.201,1.7061889916
10/28/2003,0.341606124,0.839561059,31.491,15.70657491,21.502,1.7166753008
10/29/2003,2.114865,0.7987332413,31.068,21.44193327,21.571,1.7619771214
10/30/2003,8.140185,0.7825078768,32.932,25.15944681,21.74,1.5747400522
10/31/2003,3.3937488,0.8144231865,32.298,24.09772905,21.569,1.6576844734
10/1/2004,18.4553108568,0.8766704022,31.602,20.46217356,23.177,1.060441896
10/2/2004,39.3525134784,0.8644444888,31.263,22.46298264,23.93,1.6350757425
10/3/2004,79.54099848,0.8982852649,29.511,17.74259505,24.054,1.2000000249
10/4/2004,5.5000293768,0.8791722024,30.611,19.798592382,23.584,1.3580626538
10/5/2004,17.6330563704,0.910944592,29.527,21.2478804,23.143,1.5531550502
10/6/2004,5.9257528056,0.889715536,29.362,18.40646835,23.207,2.1704227729
10/7/2004,9.951210252,0.8893905536,29.693,23.169041982,22.586,1.5731669312
10/8/2004,6.46476804,0.8780538326,30.158,22.762462482,22.393,1.5674078845
10/9/2004,6.6827741184,0.8943846787,29.585,20.354573898,22.48,1.5642500611
10/10/2004,6.4364460408,0.8922811661,29.828,21.270486582,23.178,1.8281930229
10/11/2004,16.108707564,0.8576468995,31.224,22.4984232,22.624,1.5218700833
10/12/2004,17.80986852,0.8497500245,31.621,23.24497905,23.641,1.3557477252
10/13/2004,0.427437216,0.8176170953,31.334,25.87151394,23.12,2.2401270019
10/14/2004,0.7123945608,0.8285508103,30.758,17.156647782,21.985,1.8922373986
10/15/2004,3.212638308,0.8135119067,32.776,25.18588737,22.927,1.3899047429
10/16/2004,11.65409208,0.8642742065,29.575,19.91868435,23.697,1.4941682669
10/17/2004,8.0869698,0.9013876831,28.173,10.471666482,23.295,1.3938421124
10/18/2004,2.789498376,0.8586625201,30.893,18.225562032,21.946,1.722390288
10/19/2004,2.382658092,0.8510929924,32.006,10.58360661,22.225,1.6160587049
10/20/2004,0,0.7419058135,33.816,26.25153066,21.324,1.7403644993
10/21/2004,0.72097776,0.6950025127,33.231,25.333199982,21.94,1.7678372876
10/22/2004,0.15106212,0.7108009233,34.216,25.84479681,21.347,1.8308312584
10/23/2004,0.048065184,0.661556987,34.84,25.48958265,21.889,1.5166819681
10/24/2004,4.5352944,0.7176937913,35.197,19.22484771,24.034,1.0230459996
10/25/2004,0,0.6980504655,34.114,25.48096776,20.92,1.2719090792
10/26/2004,0.0446319432,0.6645789702,33.376,25.45318035,21.414,1.3679137688
10/27/2004,0,0.6810806061,33.745,24.96335679,21.606,1.303491685
10/28/2004,0.0068664528,0.6737392987,34.643,25.42894371,22.466,1.5317980338
10/29/2004,6.544587852,0.7289712828,32.3,24.05075157,23.347,1.3819400009
10/30/2004,3.276152532,0.790877733,31.544,15.24594285,21.726,2.2157127522
10/31/2004,0.48236868,0.7964607921,30.182,15.34872096,22.271,1.575796607
10/1/2005,9.8619462,0.8173446843,32.586,24.04710108,24.667,1.282136801
10/2/2005,15.09418476,0.8134236634,34.942,26.06276106,24.495,1.0241241886
10/3/2005,21.3117630264,0.8389183221,32.965,18.89898255,24.799,1.1853601625
10/4/2005,20.65086396,0.8694823436,32.299,24.8926536,23.74,1.5542275593
10/5/2005,7.1582810328,0.8248775671,33.265,23.74762275,24.085,2.312873389
10/6/2005,6.0287517,0.7460225833,35.878,21.13497756,23.413,1.3724088561
10/7/2005,7.48444104,0.7735785111,33.921,21.87619065,24.528,1.6051493105
10/8/2005,6.29997444,0.8621523209,30.489,13.52013678,24.731,1.1885089705
10/9/2005,2.5199882784,0.8755714709,29.177,7.103753118,24.595,1.0136651604
10/10/2005,18.786617604,0.8387926744,34.533,25.16951961,23.355,0.7850472906
10/11/2005,27.79540452,0.8988284094,30.766,25.36092792,24.689,1.244970582
10/12/2005,19.727326692,0.9032965874,30.71,22.13763165,24.843,1.7164736139
10/13/2005,20.6371299528,0.8594455559,32.076,23.150257218,23.821,1.0063946524
10/14/2005,38.834941644,0.8843170948,31.08,16.326728712,24.548,1.2467517524
10/15/2005,9.2456818848,0.8613706944,33.593,21.215027718,23.631,0.9529027048
10/16/2005,3.244400784,0.836198371,30.719,15.31631547,24.534,1.3442052915
10/17/2005,12.59651232,0.8109874102,32.248,21.953521818,23.465,0.8245530334
10/18/2005,9.558106596,0.8266535619,33.115,24.73745526,23.53,1.4188586993
10/19/2005,11.635206804,0.8375951389,32.574,20.97511686,22.62,1.8071993464
10/20/2005,21.83704524,0.8965368785,29.539,20.526534018,23.397,1.7198778049
10/21/2005,6.969453696,0.9002848854,29.311,11.165962608,22.853,1.7225216053
10/22/2005,20.09466918,0.948446477,26.618,5.116552938,22.823,1.1635762908
10/23/2005,17.816743656,0.911932758,30.768,17.32027365,23.255,1.3258533698
10/24/2005,3.0281066784,0.8735832165,31.115,18.10541295,23.371,1.6658200523
10/25/2005,4.7910700368,0.8450697105,31.394,22.5674442,22.501,1.3260046672
10/26/2005,3.73363542,0.8468404524,32.005,22.16311875,22.376,1.4187452818
10/27/2005,4.1233056264,0.8281401515,31.712,24.89883831,22.185,1.6358112317
10/28/2005,0.6248474928,0.7969367327,32.805,23.96318499,22.52,1.4629023641
10/29/2005,3.8967145344,0.8026983494,33.157,24.34838265,22.891,1.8889485196
10/30/2005,7.03125288,0.8403552957,31.458,16.36515405,24.773,1.6175359832
10/31/2005,33.23709108,0.788175217,32.051,17.86010202,24.479,2.2240596106
10/1/2006,10.27050696,0.9181673489,27.525,15.96717972,23.886,3.6821246533
10/2/2006,7.141115232,0.9371298676,27.267,9.32574186,23.644,2.8454034673
10/3/2006,20.7263976912,0.9327525456,27.357,12.667893282,22.752,2.1269175296
10/4/2006,39.6228852,0.9385494402,27.674,13.057424082,23.494,1.8679961634
10/5/2006,46.42324164,0.9393390759,27.721,15.808271832,23.792,2.5788594611
10/6/2006,2.922534648,0.933519619,27.199,7.603085502,23.673,1.2917482156
10/7/2006,14.6186789328,0.9349749933,27.975,10.307139768,22.642,1.0324396512
10/8/2006,2.5114022784,0.8442405015,31.406,24.8096178,23.427,1.5399788423
10/9/2006,7.879262256,0.9167581775,28.989,13.18528233,24.31,1.5805960855
10/10/2006,13.853933748,0.9018319023,28.811,23.17392945,23.481,1.8579216019
10/11/2006,10.6927848504,0.9047744209,28.902,19.92425985,23.309,1.3027728327
10/12/2006,8.517839652,0.8664631251,31.295,18.535834782,23.55,0.8574533032
10/13/2006,11.5493816304,0.8836421867,32.963,22.1118237,22.31,1.0790304112
10/14/2006,4.001428296,0.8690814939,30.412,16.758674082,24.18,1.0610961731
10/15/2006,6.98318784,0.9056299226,26.609,3.97580742,23.142,1.3722314155
10/16/2006,15.5439362664,0.870304343,31.537,22.636461402,23.444,1.2397569403
10/17/2006,24.7209552,0.9011025059,30.828,24.30753966,23.401,1.0826023474
10/18/2006,10.862741124,0.8576274286,31.327,25.18475562,23.629,1.5702054753
10/19/2006,5.5515309264,0.8308377309,31.897,22.325290218,23.256,1.4082869373
10/20/2006,2.9628752256,0.8120178137,32.319,25.65888606,22.043,1.3948399823
10/21/2006,0.121879728,0.7780520217,33.337,25.80918381,21.411,1.4399093331
10/22/2006,8.57105784,0.834173015,31.657,19.30949541,22.866,1.2414244893
10/23/2006,6.1523412264,0.8286461525,32.197,25.3809594,22.768,1.3993096959
10/24/2006,0.9527206824,0.7723491137,33.201,25.24652001,23.626,1.431318475
10/25/2006,4.454613612,0.8087118182,33.631,24.0287616,21.548,1.5609092937
10/26/2006,2.3672121264,0.8024430876,33.809,25.28054928,21.898,1.5291534012
10/27/2006,11.14426404,0.8545731029,31.012,23.808878568,22.572,1.2008761498
10/28/2006,9.4053265776,0.8810789157,30.631,17.584481898,23.953,1.2043026578
10/29/2006,5.4502479864,0.8339228834,33.036,23.88504429,22.548,1.750022151
10/30/2006,3.53451024,0.8039151693,33.417,21.29056749,22.497,1.6497093668
10/31/2006,1.30462632,0.8359926878,30.492,15.268840182,23.226,1.4345265744
10/1/2007,21.27915,0.9309717455,28.127,14.474705418,23.289,3.0166306064
10/2/2007,22.17521322,0.9390272045,27.479,11.8035027,23.537,3.852802062
10/3/2007,9.67139874,0.9266169667,27.239,12.20736978,23.755,4.1767625851
10/4/2007,8.577914184,0.9114466932,28.47,22.39751241,23.265,2.585052584
10/5/2007,20.534133132,0.9219656156,29.046,20.92404276,22.582,1.5442447137
10/6/2007,21.8730856104,0.9148465971,29.481,24.54333489,24.098,1.4636055761
10/7/2007,15.94390788,0.912157552,29.168,22.97137284,23.947,2.0392294927
10/8/2007,3.9001480704,0.9074573666,29.201,9.363485538,24.148,1.5615316056
10/9/2007,18.02101104,0.9071353317,30.007,24.4459728,23.805,1.2094794256
10/10/2007,15.22636488,0.9262228265,29.959,16.663611168,24.322,0.8996291383
10/11/2007,16.34560254,0.9128220395,29.33,16.69522455,24.05,0.9194238348
10/12/2007,19.5865626168,0.9000430527,31.906,18.46940445,23.599,1.232011295
10/13/2007,17.385867432,0.9283496511,28.221,13.3325379,24.024,1.1585111933
10/14/2007,18.772886448,0.9088290098,29.084,22.883004,23.336,1.4895467741
10/15/2007,13.0462717248,0.887842961,29.887,24.21129996,23.88,1.2200124858
10/16/2007,17.26913592,0.9119067326,29.581,25.2579933,22.8,0.9858482944
10/17/2007,15.943911624,0.907508949,30.539,20.363010498,23.977,1.2408928341
10/18/2007,12.805943112,0.8871305071,30.494,24.17658858,22.781,1.1143416995
10/19/2007,18.6492951864,0.9056046724,30.901,22.214018682,22.959,1.392565371
10/20/2007,3.206630664,0.8587698785,30.425,21.63194586,21.54,1.5858459244
10/21/2007,3.43322928,0.8606505549,32.171,19.77845994,21.663,1.3880556535
10/22/2007,17.7291846,0.911194228,29.826,19.531459368,23.138,1.7016483029
10/23/2007,21.4920014328,0.9155819971,28.987,10.70083341,23.407,1.5088278181
10/24/2007,22.1305878,0.875560332,30.919,21.803058432,23.228,1.5044103978
10/25/2007,15.288164712,0.9237768251,28.443,8.43913071,22.335,1.9747000811
10/26/2007,11.9081494368,0.9082854971,30.129,17.3421063,22.501,1.3002239331
10/27/2007,14.0453299584,0.9085710013,30.064,20.681715582,23.499,1.5714433914
10/28/2007,5.8090227264,0.9165540645,28.354,7.577776602,23.59,1.3443989647
10/29/2007,0.629997588,0.8549595743,31.606,18.102370302,22.614,1.2568714584
10/30/2007,3.261566412,0.8367284616,29.353,13.71031605,19.995,2.1986325452
10/31/2007,0.3913879608,0.8633439556,30.573,19.991028618,21.091,1.5598340998
10/1/2008,2.0753844984,0.8464466928,30.554,23.26809852,23.095,1.3185617704
10/2/2008,9.2662792704,0.8164967928,34.622,26.23764645,22.898,0.9855851704
10/3/2008,13.8273207264,0.855700022,31.767,25.92208521,23.654,1.1895417734
10/4/2008,12.1570533864,0.7998400845,34.816,19.09721655,24.092,1.140129786
10/5/2008,4.02374484,0.7940544005,31.714,25.23183705,23.195,1.4623589377
10/6/2008,14.64270984,0.80922893,32.854,24.83370045,23.634,1.1967459388
10/7/2008,10.00786068,0.8094904216,33.673,22.37664294,23.59,1.2548650589
10/8/2008,14.1002678304,0.8433854338,31.204,23.93572275,24.502,1.4834478125
10/9/2008,17.080296768,0.8143937642,33.913,26.2019286,23.531,1.7567213022
10/10/2008,4.5661942656,0.7928241245,33.006,25.75456605,24.683,1.9859304537
10/11/2008,8.145337068,0.8560138108,31.62,21.89187495,23.758,1.3638879433
10/12/2008,23.37427584,0.867182717,31.854,23.02160724,23.592,0.9448319817
10/13/2008,16.929255492,0.8714867394,31.28,25.60708224,23.288,1.378512835
10/14/2008,13.96293516,0.8591911685,31.212,25.23622536,23.244,1.0368625642
10/15/2008,10.2164252544,0.8911913312,31.033,16.633966968,24.077,1.5190650914
10/16/2008,24.71752656,0.8847036226,30.549,21.677902362,25.292,1.2086676102
10/17/2008,98.60916384,0.9388383377,28.5,10.641096,24.508,1.3165036013
10/18/2008,9.063725004,0.8590615331,30.973,25.27779429,24.414,2.6132331711
10/19/2008,11.705592456,0.8436657767,33.025,25.33848741,23.655,1.2275247251
10/20/2008,5.354118288,0.8640253742,31.904,24.5981259,23.911,1.6274860148
10/21/2008,13.56982938,0.8663275608,31.035,24.66770841,23.461,1.8031429797
10/22/2008,7.910153568,0.8237352729,33.537,25.08001821,23.62,1.3859580181
10/23/2008,10.87475346,0.8621507521,32.1,22.91906169,24.938,1.5667611378
10/24/2008,7.832910492,0.8846108336,29.456,17.93610288,23.922,2.2034798935
10/25/2008,5.776405308,0.884955251,29.997,16.853958882,23.87,2.7200055879
10/26/2008,6.85958688,0.830742488,32.335,22.45943925,23.591,1.3252623754
10/27/2008,9.58900212,0.8449395412,32.859,22.38823503,23.387,1.1829132697
10/28/2008,9.336660156,0.8788520685,29.743,13.10473071,22.538,1.8860824094
10/29/2008,20.49808428,0.8759871726,30.361,15.814238418,23.129,1.9579930214
10/30/2008,14.208406092,0.8888276538,31.149,15.7758192,23.645,1.4025667177
10/31/2008,16.15418982,0.9148943188,29.069,16.7867442,23.463,1.5413479661
10/1/2009,9.2233676664,0.8951633588,30.545,18.02851794,23.126,1.7153514722
10/2/2009,19.0166444712,0.8968421186,30.01,25.0549281,23.547,1.4319174712
10/3/2009,54.365115852,0.9630300151,25.763,2.022974478,24.504,1.0925785476
10/4/2009,12.957003,0.899072888,31.168,23.687949618,24.034,1.3284164973
10/5/2009,10.3992506784,0.8724661369,32.884,21.99026385,24.564,1.3608280732
10/6/2009,9.2782972728,0.895177958,30.712,16.496043282,24.584,1.725729974
10/7/2009,35.15966388,0.9181268631,28.938,21.31739649,24.278,1.9276704567
10/8/2009,41.34977136,0.9287196616,28.641,18.14973615,23.616,2.1495719232
10/9/2009,19.3840034976,0.9305930412,27.506,12.0148857,22.961,2.1514792765
10/10/2009,16.26319584,0.9114400341,28.734,16.031982618,22.986,2.1709957448
10/11/2009,3.2615655192,0.9255258921,28.362,11.816776872,22.845,1.5531495313
10/12/2009,4.264068312,0.8584292683,30.822,23.67326781,22.41,1.4750849686
10/13/2009,3.10364244,0.8335427951,31.854,25.79816178,22.793,1.459652009
10/14/2009,10.24818372,0.8349084456,32.01,23.95209564,24.201,1.0767002968
10/15/2009,15.476990112,0.915263785,27.362,2.87364654,23.455,0.7206471884
10/16/2009,7.7299137864,0.890229822,30.603,20.51881866,22.3,1.3416643374
10/17/2009,5.8004344224,0.9118034023,29.368,12.651358662,24.147,1.3098180866
10/18/2009,21.4954292664,0.921443321,29.025,19.24684164,24.237,1.9911479669
10/19/2009,21.0525516,0.9144249765,29.058,22.71785697,23.949,1.4935294601
10/20/2009,15.83061228,0.9159397398,29.45,20.98434195,23.915,1.8017496302
10/21/2009,15.2452503864,0.9065131554,29.621,18.9329607,24.021,1.4530434945
10/22/2009,5.0468454,0.892252266,31.271,15.99170445,23.942,1.4140548021
10/23/2009,20.156478372,0.9219193448,28.154,14.709095082,23.109,1.4244356794
10/24/2009,14.0968278,0.9037679813,30.028,14.38104807,24.279,1.0751876614
10/25/2009,14.06593368,0.9336208689,28.533,14.786824518,23.66,2.0869837908
10/26/2009,1.280593872,0.875715858,30.115,14.185515528,23.447,1.9856108088
10/27/2009,0.947570832,0.8122440869,32.174,25.21822671,21.86,1.8974833146
10/28/2009,1.459121472,0.8141314464,32.087,20.243086182,22.229,1.520874854
10/29/2009,0.89263908,0.7521757637,33.143,24.21049815,22.956,1.5973315535
10/30/2009,3.8211797664,0.8122211488,31.848,25.08603219,23.048,1.7796773025
10/31/2009,0.77247756,0.8116165094,32.554,24.72542181,22.384,1.3278246755
10/1/2010,3.07101978,0.8494002956,30.872,18.97942689,24.123,1.3097302106
10/2/2010,4.902650136,0.9006792522,28.388,6.51116142,23.988,0.9403282863
10/3/2010,26.26160076,0.9016157385,30.76,18.87850944,24.393,1.3340229476
10/4/2010,30.78746136,0.9202731937,29.954,15.36103764,24.588,1.9542459382
10/5/2010,18.6424257024,0.9189374118,30.218,18.42423525,24.505,1.4047567734
10/6/2010,9.89627688,0.8877294021,30.793,24.545528982,24.185,1.4719288641
10/7/2010,15.116502384,0.9439753263,26.892,3.375054522,23.857,1.1617773851
10/8/2010,6.8801838264,0.867901901,31.292,25.54559964,23.47,1.2147154175
10/9/2010,16.2674865,0.888618701,30.598,24.40625373,23.673,1.334502009
10/10/2010,13.20418908,0.9125627172,30.769,18.591691032,24.781,1.2449048198
10/11/2010,20.0672090928,0.9186291869,29.509,19.2243933,23.926,1.4983653171
10/12/2010,9.0379769256,0.9274349996,29.641,17.5772295,23.98,2.3860230936
10/13/2010,15.0632850024,0.9062106472,29.958,20.37898134,23.315,1.2936455754
10/14/2010,10.90307484,0.9454095312,26.784,6.318056592,23.662,1.6634001511
10/15/2010,9.9924084,0.9278768868,27.629,13.476711168,23.169,2.6504404893
10/16/2010,7.484433192,0.8811466909,29.931,21.57901551,23.329,2.4908440125
10/17/2010,16.6631708664,0.9197806609,29.335,20.39090634,22.657,1.5329410648
10/18/2010,4.7962183464,0.8937567793,30.624,20.616020712,22.312,1.3589816757
10/19/2010,2.1492018144,0.8957720566,30.069,16.86279672,23.14,1.4617044829
10/20/2010,10.799216172,0.9248374434,28.515,14.0636898,24.101,1.1495806916
10/21/2010,11.99054268,0.9365034945,27.176,7.89525027,24.079,1.5428338325
10/22/2010,1.110648384,0.8642569767,30.351,17.689389282,23.534,1.5825078745
10/23/2010,3.8186039664,0.8531789854,31.584,19.392751368,23.056,1.0969317495
10/24/2010,3.43151208,0.8736025134,30.409,25.09520616,22.922,1.346156594
10/25/2010,11.041256628,0.8896402666,31.763,16.48939869,23.447,1.4740791879
10/26/2010,7.2046278,0.8740206267,31.1,23.16279096,23.93,1.4323024954
10/27/2010,15.1139285064,0.8443220588,32.155,23.53348035,23.786,1.4891844576
10/28/2010,15.174864,0.8892248409,30.585,13.759481358,22.89,1.4318681837
10/29/2010,0,0.7648023075,29.589,18.63568305,21.778,3.784901266
10/30/2010,5.285455128,0.8424331135,23.893,10.68260085,20.825,5.1323824711
10/31/2010,5.09319252,0.9124662925,26.916,7.45475868,20.097,3.5658708935
10/1/2011,20.25947178,0.915867019,29.135,21.8170458151,23.411,2.5533032575
10/2/2011,19.14883236,0.9132561202,29.332,24.5241256992,23.545,2.3964131212
10/3/2011,32.91435324,0.9365063516,28.835,18.1745879968,23.721,2.3254489937
10/4/2011,12.3029709192,0.9220669178,29.111,14.6189843474,23.225,1.8008471845
10/5/2011,9.207913464,0.9186344329,27.73,13.9644607313,23.877,1.7222642236
10/6/2011,1.5415195968,0.9468223649,25.484,3.8242946561,23.296,1.0442197182
10/7/2011,15.277863996,0.9183388908,29.779,15.4208637611,23.469,1.4030274503
10/8/2011,30.45272472,0.926275557,29.2,14.3524379842,24.493,1.1446107457
10/9/2011,36.43513488,0.9277796851,28.947,19.4222923524,24.227,1.1586319123
10/10/2011,15.6074523012,0.9216992067,28.443,16.6124554447,23.962,1.3044250902
10/11/2011,19.0200783456,0.9135371496,29.948,22.1828253841,23.291,1.7321632571
10/12/2011,12.55531374,0.9139455182,29.267,19.1806463128,24.37,1.8861770256
10/13/2011,17.734334544,0.9262780141,28.652,17.643624958,23.819,2.4346094689
10/14/2011,17.209049796,0.9104769023,29.681,21.2887545079,23.316,2.2188324586
10/15/2011,6.2450422848,0.9135573333,28.948,15.8123453144,23.474,1.3893618921
10/16/2011,2.3929591032,0.867292549,31.269,21.7341068355,23.481,1.5368434553
10/17/2011,13.48056972,0.8821810155,30.501,25.2599941509,24.339,1.7180346544
10/18/2011,12.7784715264,0.874494056,30.953,25.1555261142,22.822,1.3606033283
10/19/2011,12.809371356,0.8951047986,30.282,20.2809062982,23.1,1.4165783371
10/20/2011,14.436723384,0.9041451422,29.308,23.2353388086,22.839,1.3893303534
10/21/2011,12.0574953,0.8906030931,29.932,24.4890549749,22.536,1.429623792
10/22/2011,20.21998428,0.8906165648,30.239,24.4903614874,22.856,1.2028410437
10/23/2011,8.49896046,0.8680379207,30.701,24.5870283959,22.669,1.1625102118
10/24/2011,10.0233145944,0.8724265382,30.478,25.0102932891,22.812,1.1027173454
10/25/2011,11.030958612,0.889393489,29.497,24.502024937,22.205,1.5018054685
10/26/2011,19.9453333968,0.9062456849,29.49,20.2459550725,22.857,1.3029753559
10/27/2011,12.4849368504,0.8800805931,31.452,20.4861146621,23.083,0.9353120705
10/28/2011,3.4641241704,0.8677364365,30.164,25.0015638697,22.417,1.135748063
10/29/2011,7.474138488,0.8770386069,30.142,24.4941018162,22.289,1.6004058074
10/30/2011,1.314926424,0.8392649557,30.743,25.1314074978,20.963,1.8462825426
10/31/2011,5.5995937776,0.8484362894,32.132,19.4187899608,22.158,1.4803132161
10/1/2012,17.45796024,0.9363801534,28.357,12.5836279262,23.747,1.3798537922
10/2/2012,15.90614028,0.9484455348,26.295,6.1300567464,23.928,1.1870063168
10/3/2012,12.658311,0.9431734899,27.798,10.0660786296,23.682,1.4889649277
10/4/2012,19.5178978224,0.9298067904,28.95,20.0126576476,23.555,1.857032343
10/5/2012,35.83262916,0.9366825323,28.784,16.55432705,24.328,1.2604363836
10/6/2012,15.089035392,0.9303962414,28.094,13.5123843045,24.067,1.9937121331
10/7/2012,21.179576232,0.9237404435,28.423,17.0862455093,23.534,2.1432511366
10/8/2012,22.8241017864,0.9303920957,28.636,21.5642539975,22.87,1.8589506054
10/9/2012,9.98039592,0.9091484508,27.902,6.9297799397,22.757,1.20187575
10/10/2012,5.6201896368,0.8480512113,31.439,23.2934780252,21.765,1.2800602727
10/11/2012,3.041838972,0.8488792455,32.104,25.5139989802,22.331,1.2305053349
10/12/2012,7.86895506,0.8600235135,31.537,23.7233226642,22.974,1.2330849491
10/13/2012,15.604022016,0.8999626012,29.094,25.7597655516,23.164,1.8845177543
10/14/2012,5.712891588,0.8862285146,29.554,19.2440300835,22.863,1.1808128047
10/15/2012,8.0886800448,0.8797204755,30.933,18.2220846994,22.295,1.1111756035
10/16/2012,7.305911748,0.8648852323,31.71,17.1661605937,23.827,1.1845924924
10/17/2012,9.616469004,0.8754089033,31.03,22.4526947969,23.075,1.5855148788
10/18/2012,2.344893804,0.828616737,30.323,25.8157776604,21.863,1.5124904664
10/19/2012,1.675414908,0.819885099,31.38,25.4713239131,22.077,1.3342393051
10/20/2012,7.4810048904,0.8570708603,30.612,24.6572648371,22.377,1.4425068558
10/21/2012,5.08632516,0.8590089455,30.976,25.0858228635,22.261,1.4044305555
10/22/2012,2.67448464,0.9175385608,27.532,8.5219236386,23.752,1.137414119
10/23/2012,7.123949208,0.8824622566,30.037,21.4438303272,23.107,2.1980993249
10/24/2012,4.143901266,0.842607325,32.145,23.0643029646,22.72,1.6457702975
10/25/2012,13.6041651864,0.8970051172,30.189,21.4666169389,23.392,1.3840850751
10/26/2012,0.346756104,0.8050972846,31.254,20.4513422198,23.321,1.7288706341
10/27/2012,2.9560077648,0.8190612319,32.303,23.5833780394,22.884,1.7713873659
10/28/2012,3.4812948528,0.8631691279,30.19,23.8258823631,22.746,1.9748707322
10/29/2012,1.7749772712,0.8293776054,31.931,24.7256073952,22.576,2.1509286339
10/30/2012,16.66145304,0.8615897088,31.18,24.6503538914,23.96,1.281960682
10/31/2012,9.6988662,0.8462429196,31.364,24.3650501467,23.416,1.8016862631
10/1/2013,22.81723128,0.9220501249,28.894,23.1713568115,23.085,1.9584791607
10/2/2013,24.23514816,0.9273540611,28.69,18.9374677662,24.192,2.4119731601
10/3/2013,18.20640924,0.9239622758,29.072,19.3455484308,24.194,2.6513946033
10/4/2013,12.122722764,0.8983714185,29.298,22.2634270548,23.303,2.8680822445
10/5/2013,28.276068852,0.9326591548,28.131,19.8175940827,23.414,2.0828109167
10/6/2013,43.854317172,0.9396595553,28.269,17.1484422732,23.834,2.6052021558
10/7/2013,24.4583144784,0.9312622366,28.125,18.8383519656,23.182,1.8431261065
10/8/2013,18.2647720656,0.9285444221,28.447,23.2002625608,22.97,1.5396439365
10/9/2013,12.344170284,0.9072443588,29.408,23.2212319016,23.532,1.2752581349
10/10/2013,17.52662556,0.8966421582,29.162,25.5380912518,23.592,0.8673754176
10/11/2013,11.360545992,0.8843981269,29.908,25.8640673436,22.73,0.946272032
10/12/2013,17.44251804,0.9048222832,29.429,25.6271883498,23.549,1.3130348027
10/13/2013,7.4981714184,0.9187813707,28.819,16.112980818,23.341,1.1068143084
10/14/2013,0,0.8694788217,30.047,12.6128580732,23.839,2.4739465297
10/15/2013,2.2178629728,0.9041112351,29.05,10.6556170356,23.977,3.3681419298
10/16/2013,11.22836796,0.9087332004,29.011,20.1043030356,23.84,2.5732228779
10/17/2013,8.8903341432,0.9083452385,29.513,23.20825455,23.24,1.9429039185
10/18/2013,7.6921521624,0.8854480573,31.251,17.5383368935,23.583,1.3055174068
10/19/2013,16.743848508,0.9103385797,29.848,19.6388242391,23.125,1.1611378256
10/20/2013,19.129946472,0.8979634871,29.348,19.6360509132,23.402,1.8122908202
10/21/2013,11.0721628728,0.8910186024,29.943,22.9689085259,23.354,1.183295761
10/22/2013,13.6779768,0.8633310225,30.579,25.413850733,22.648,1.5047765892
10/23/2013,12.1776597,0.8982498286,29.685,21.2202015264,23.118,1.4211088986
10/24/2013,9.015657984,0.8752719845,30.404,24.3321831094,22.78,1.6611857403
10/25/2013,6.533432172,0.871959502,30.736,23.2866330552,22.329,1.4444469992
10/26/2013,11.44981278,0.8803828904,29.944,25.0462118628,22.469,1.7536207175
10/27/2013,5.522345082,0.8953452198,29.406,20.2201023708,22.03,1.3459560649
10/28/2013,6.1248766464,0.8543198093,31.262,25.0401481668,21.734,1.6009092666
10/29/2013,5.8090186944,0.8476968191,31.572,24.911088246,22.392,1.2683707486
10/30/2013,12.160489392,0.8831386206,30.23,15.658318026,23.846,1.4920263977
10/31/2013,7.86895866,0.8998128484,28.687,20.8689910596,21.92,1.5691386876
