4/1/1979,0,0.5334049422,36.78,15.32363148,25.65,2.3047258161
4/2/1979,0,0.4867459795,38.351,20.36587176,26.283,2.83714997
4/3/1979,0.0068664528,0.5759512543,36.104,7.3673442,25.345,2.1946065881
4/4/1979,0,0.5270554346,37.346,28.63681992,25.175,3.5454826577
4/5/1979,0,0.5754035009,37.045,24.88887504,24.023,3.6253526328
4/6/1979,4.4837931528,0.6111498866,36.135,14.85950976,24.901,2.4700452688
4/7/1979,0.08239752,0.5867820516,40.055,13.674771288,26.966,1.8318219284
4/8/1979,4.119872652,0.6198810322,35.399,9.12830625,26.343,1.9083961635
4/9/1979,0,0.5593697146,37.983,28.81225764,23.481,3.1556128229
4/10/1979,0,0.5879966558,36.203,8.981270208,25.342,2.1927670496
4/11/1979,0,0.4925541278,37.388,27.05759901,26.595,3.8320072447
4/12/1979,0,0.4767265808,38.462,27.35719092,26.53,4.2799309207
4/13/1979,0,0.4506852735,37.887,27.88481511,27.518,3.9196592205
4/14/1979,0.161361684,0.4782822667,37.694,16.69984128,24.9,2.8722953112
4/15/1979,1.582716492,0.5450588648,33.56,13.26706749,24.574,2.6888234564
4/16/1979,3.3061963824,0.6500663055,35.579,13.34367972,24.491,2.2869491088
4/17/1979,6.121443276,0.6769466137,34.003,13.30700715,25.604,2.0358489218
4/18/1979,9.537502464,0.702533049,34.108,20.66169114,24.818,1.8908388719
4/19/1979,10.811232108,0.7416502771,34.095,26.29958589,25.13,1.427091662
4/20/1979,16.46232552,0.7875941876,33.141,21.25867482,25.35,1.4510936663
4/21/1979,52.38073872,0.9257956452,26.255,1.23913125,24.788,2.0546140342
4/22/1979,99.9999999999,0.9594711543,25.106,1.0792683,24.177,2.8052475454
4/23/1979,4.56618924,0.8170375223,31.38,27.90443844,23.295,2.7054756809
4/24/1979,5.324930964,0.8132395838,30.348,24.90598098,24.537,2.0997212334
4/25/1979,1.2805938,0.7780393541,33.556,27.49657284,23.896,1.8673303284
4/26/1979,0.102996972,0.7166523961,34.028,28.09119078,24.608,2.8026281416
4/27/1979,0.271224612,0.6813893323,34.117,27.49511871,24.335,2.7092583055
4/28/1979,7.961658012,0.7337237588,32.152,24.60717801,24.919,2.302786407
4/29/1979,0.484085232,0.7043529781,33.998,27.54174699,24.187,2.788488332
4/30/1979,0,0.6390139408,35.304,26.62993251,24.701,3.2235737552
4/1/1980,0.67806252,0.4832597337,35.861,12.5547669,25.684,3.2514293422
4/2/1980,0,0.4737154092,38.266,20.68616088,22.662,3.6788455348
4/3/1980,0,0.4407111631,38.695,28.07634924,25.196,3.8000503613
4/4/1980,0.01373292,0.5659517036,35.153,9.7101027,23.958,2.8506499555
4/5/1980,0.775909656,0.4842900156,36.388,14.42244816,27.116,3.6875412482
4/6/1980,0.171661248,0.4635051837,39.778,26.414271,24.365,3.0454943829
4/7/1980,1.51405344,0.5285759438,36.106,14.38215912,26.553,3.3781998904
4/8/1980,0.29697408,0.4813011902,37.459,12.7513728,26.453,2.4576864283
4/9/1980,1.788711156,0.5124885907,37.736,15.46751736,26.442,1.6614228576
4/10/1980,16.79191128,0.638375806,34.334,12.13414056,25.356,2.260935275
4/11/1980,0.86860656,0.5765617998,37.144,23.36760216,23.658,2.9628132028
4/12/1980,0.02746584,0.5595117915,36.353,9.87901245,26.232,2.634244565
4/13/1980,0.0343322784,0.5479850576,35.152,11.108529018,26.855,2.4910681274
4/14/1980,9.9803896128,0.6032173983,37.093,11.82515085,26.703,1.4315352666
4/15/1980,1.9603728,0.638685255,37.124,15.73684101,25.426,2.5172496181
4/16/1980,3.5465237424,0.5818905596,34.126,12.09515769,25.339,1.4926100922
4/17/1980,7.443235656,0.556236933,35.769,15.43235598,24.331,1.8986771302
4/18/1980,3.586005864,0.6087764554,35.22,14.68294092,24.591,1.6463840714
4/19/1980,0.065231388,0.4938334788,38.747,28.18951434,25.192,3.0959352047
4/20/1980,0,0.5330812246,37.029,9.310048308,26.654,2.3254841221
4/21/1980,0.394820784,0.4864829548,38.834,15.63991479,27.257,2.195780536
4/22/1980,2.077100532,0.5726831298,36.759,13.43723004,25.474,1.9905781811
4/23/1980,0.0892638,0.5750643242,38.091,7.04823894,25.621,1.8924460758
4/24/1980,4.840847784,0.6139631298,33.626,8.7106518,26.057,1.6601138134
4/25/1980,3.1105058184,0.6172628476,34.672,8.012421882,26.872,1.4170682416
4/26/1980,9.297181944,0.6219511346,35.029,16.609841118,25.943,2.1523512133
4/27/1980,0.29869056,0.5986512467,35.416,17.00218494,24.708,2.8290882328
4/28/1980,1.2428271,0.5447006491,38.57,13.50410886,26.75,1.9060898057
4/29/1980,0.113296536,0.5536609048,37.609,11.4395625,24.817,1.606399368
4/30/1980,0.05836482,0.5025298463,35.381,9.099846072,27.376,2.1941714704
4/1/1981,0.0068664528,0.5699065504,36.638,18.5355054,24.752,3.9872763358
4/2/1981,7.2046224,0.6635967943,31.588,8.76728844,26.113,2.6705293813
4/3/1981,2.50625412,0.5755992704,37.235,19.532025,25.18,3.5649793931
4/4/1981,0,0.5486037768,36.795,18.33738624,25.49,2.7765224184
4/5/1981,0.030899052,0.5670285959,36.152,17.50769568,25.573,2.668099828
4/6/1981,3.4469581464,0.6224949326,38.191,14.8472424,26.571,2.0746259086
4/7/1981,8.056066104,0.6627239352,36.268,19.457433,24.727,2.1774762027
4/8/1981,2.38952988,0.6166432331,34.689,17.13139416,25.379,3.1642402848
4/9/1981,0,0.5533175371,35.979,16.93867536,26.01,3.4076969821
4/10/1981,0,0.5566645743,35.771,14.65340481,25.731,3.4666327101
4/11/1981,1.534652352,0.575214588,34.209,13.3455906,25.691,2.6879015081
4/12/1981,1.09863288,0.5687256622,37.117,8.42883885,26.547,1.7241270505
4/13/1981,0.576782028,0.5215568962,38.827,17.20142091,26.116,2.7068658665
4/14/1981,0.030899052,0.5572628856,35.055,13.790811222,24.352,2.7129986969
4/15/1981,3.54995604,0.6030704167,36.143,13.54365054,24.377,1.8989478313
4/16/1981,4.652025228,0.6539806549,34.867,23.5906245,24.919,2.1598234213
4/17/1981,0.054931644,0.5919975439,35.781,14.89252554,24.58,2.261480397
4/18/1981,28.341295344,0.6872822568,32.255,22.995731718,26.351,1.8446756
4/19/1981,2.04277104,0.5817155124,36.854,15.14948184,26.002,1.98557028
4/20/1981,0,0.5083782534,37.609,15.22575324,25.054,1.9310512345
4/21/1981,0.648879732,0.4793155694,39.487,14.89657149,26.715,2.3598953933
4/22/1981,3.409196472,0.515364619,37.468,17.63532945,26.996,2.2391466713
4/23/1981,7.02781614,0.5787766835,35.462,12.99183831,26.643,2.2376099184
4/24/1981,0,0.4961914432,38.699,28.48831884,24.418,3.0422602927
4/25/1981,0,0.4703279572,39.573,19.92194991,26.085,2.8961588426
4/26/1981,1.00250208,0.5118286956,35.359,9.361689768,27.467,1.973743127
4/27/1981,8.79936732,0.5747590335,36.344,14.46181209,25.771,2.1627575879
4/28/1981,1.7921448,0.5412521222,37.736,19.34674101,25.467,2.6695487752
4/29/1981,4.1542111656,0.5448895515,38.01,16.74275931,27.095,2.703310742
4/30/1981,24.94583388,0.6650474748,36.002,16.18172334,24.94,1.7437248123
4/1/1982,1.0969161984,0.635999721,35.774,14.009229,23.636,2.5259658087
4/2/1982,4.20741792,0.6488853198,34.892,11.69584308,24.894,2.1797082547
4/3/1982,11.654090568,0.6587833976,37.218,14.861412,23.75,2.0060137263
4/4/1982,18.68361732,0.8191199767,25.839,1.17787518,23.579,1.2515591826
4/5/1982,3.127668444,0.6044612588,36.916,17.40217824,21.949,2.0043474815
4/6/1982,3.5379397152,0.5915079937,36.079,14.87059272,23.726,1.66174189
4/7/1982,22.6352664,0.6382024227,36.211,13.87040652,24.34,1.2667978176
4/8/1982,13.66424532,0.6531246909,33.827,12.85756776,24.71,1.278928525
4/9/1982,3.4297920864,0.5727388982,37.492,14.20880328,23.756,2.1503993244
4/10/1982,0.20256048,0.455888575,37.301,16.44418017,24.962,2.8367491755
4/11/1982,0,0.4620803232,37.57,15.73177932,25.131,2.7440450574
4/12/1982,0.05493168,0.5155733056,35.278,13.680169218,26.103,3.0331574167
4/13/1982,0.041198724,0.504346649,36.382,15.68654613,25.727,2.1747755554
4/14/1982,2.4101262,0.5055137618,34.82,12.08575944,26.71,2.2117849285
4/15/1982,0,0.4895085946,35.052,13.90651524,25.017,2.9807982151
4/16/1982,0.17166132,0.5169009517,35.686,15.07095945,23.962,2.2401562398
4/17/1982,0,0.5499433586,35.131,15.98428566,24.247,2.4067185632
4/18/1982,2.5920882,0.6050111841,34.295,14.40039177,24.426,2.2873698745
4/19/1982,8.304977916,0.5570962778,36.284,16.4669589,24.508,2.7377861354
4/20/1982,2.5405884,0.5594525361,35.176,15.37402401,24.719,2.4916399975
4/21/1982,0,0.4925515511,36.633,14.30865252,24.758,1.8871414846
4/22/1982,6.076814076,0.5630275627,37.7,12.19353885,25.945,1.3361603662
4/23/1982,13.27714992,0.7829550853,28.132,2.959313472,25.002,1.3959291374
4/24/1982,1.883124144,0.6425097584,35.211,12.96838242,23.756,1.7961911336
4/25/1982,12.2858099064,0.6256862664,36.504,13.75611129,24.275,1.6033957117
4/26/1982,3.5602582464,0.5963433116,38.695,14.24053314,24.846,1.705015189
4/27/1982,4.341314772,0.5938710834,36.237,14.04224901,25.266,2.1042792029
4/28/1982,5.66654436,0.6353026969,34.55,11.77542819,24.973,1.8339684014
4/29/1982,0.712394352,0.6350705544,33.957,10.52094555,26.007,2.3423924097
4/30/1982,0,0.5319159844,39.392,23.54782779,24.531,2.5856794427
4/1/1983,0,0.5305215689,37.861,19.2309174,23.384,2.2005332427
4/2/1983,0.1338958584,0.5185174458,35.11,15.58671552,24.693,2.1662130244
4/3/1983,0.072097776,0.4885785716,38.285,15.975449208,25.508,1.9158379205
4/4/1983,0.6111144864,0.6019869273,33.759,6.581414592,24.321,1.8230875994
4/5/1983,0.1270296,0.5181956172,37.852,24.11870688,24.392,3.0122214781
4/6/1983,0,0.4701478882,39.468,28.49388912,23.163,3.0010883218
4/7/1983,0,0.4674737454,39.357,28.8608076,22.628,3.4542208718
4/8/1983,0,0.4817218742,40.495,28.95170328,20.991,2.8882139909
4/9/1983,0,0.4732513674,41.184,28.99900872,22.381,2.8617841586
4/10/1983,0,0.5199209524,41.136,28.27777365,22.893,3.0385878101
4/11/1983,0,0.5169342681,40.15,15.3170982,24.752,2.4853847974
4/12/1983,0.230026572,0.5123516567,40.034,15.226422642,26.962,1.9948426201
4/13/1983,0,0.485886101,41.923,26.75750319,25.683,2.9601231277
4/14/1983,0,0.5184855955,40.259,27.99516861,25.41,3.1773330357
4/15/1983,0,0.5432429227,40.57,23.72653818,25.575,3.0336407459
4/16/1983,0.38108844,0.5637598987,38.743,16.47787509,24.378,2.3481774996
4/17/1983,0.0377655264,0.5316307695,36.933,6.446420118,27.182,2.7384313096
4/18/1983,0,0.4534842771,38.375,21.67470171,25.384,3.3230077113
4/19/1983,0,0.5145988073,38.533,28.8949527,23.551,3.5314195434
4/20/1983,0.39138786,0.5914851378,36.35,15.50784096,23.599,2.3758724923
4/21/1983,0.02746584,0.5539355742,34.482,5.892468102,27.451,2.5271955345
4/22/1983,4.18166946,0.6020738003,34.842,11.188514682,26.564,2.0547300836
4/23/1983,1.19819628,0.6052785756,41.131,6.45350454,25.802,1.9351370002
4/24/1983,0,0.5766852734,36.525,11.15633925,25.746,2.5571268926
4/25/1983,0,0.4932880847,36.497,14.96694438,27.557,3.9545792689
4/26/1983,0,0.4241227648,38.949,22.93970904,27.597,3.9229500966
4/27/1983,0,0.4455814924,37.68,18.962999568,27.586,3.2401282504
4/28/1983,0,0.5027937925,36.732,20.34550755,25.234,3.6385036233
4/29/1983,2.0839698,0.5969023417,35.733,15.10801641,24.768,2.3852146735
4/30/1983,9.93232404,0.6072181236,39.898,13.54572576,25.302,1.0003102182
4/1/1984,0,0.495339661,39.387,27.03234672,24.138,3.7890801045
4/2/1984,0,0.4928765779,38.708,21.06702594,26.177,3.227003497
4/3/1984,0,0.5476577701,38.728,28.39635648,23.069,3.0503513975
4/4/1984,0,0.5759484099,36.511,17.630548272,25.165,2.2268438382
4/5/1984,0,0.4589013084,36.872,13.7825415,25.404,2.4068106006
4/6/1984,0,0.5021043715,39.335,24.58141596,22.101,3.0075931945
4/7/1984,0,0.5673910729,38.328,16.37352504,23.683,3.2141931572
4/8/1984,0.0377654976,0.5715330196,34.668,13.6052424,24.869,3.4823711495
4/9/1984,0,0.4878842668,38.243,28.78959429,23.766,4.1947521257
4/10/1984,0,0.458567965,38.128,19.04017131,25.123,4.3232735201
4/11/1984,0,0.4518594395,36.802,20.19223332,23.768,2.6965397485
4/12/1984,0,0.4762695878,34.071,8.389522242,25.328,1.9362127103
4/13/1984,0.0102996792,0.5277700831,36.389,6.136984098,24.396,1.430866714
4/14/1984,0,0.476449923,36.495,14.7635343,26.371,3.230127389
4/15/1984,21.70143072,0.6780248045,33.184,17.19831978,26.059,2.2727915937
4/16/1984,8.6345667864,0.662917454,34.776,16.65579492,25.052,2.4351439464
4/17/1984,14.7148111728,0.6924280487,35.618,17.44435485,25.319,0.8542054106
4/18/1984,0.202560264,0.5531941851,39.2,21.1851594,25.309,2.2218739232
4/19/1984,1.0574334144,0.5913366578,39.4,13.07103696,25.66,1.4630333887
4/20/1984,5.798722932,0.6300648715,34.737,16.64516997,24.882,1.6538018128
4/21/1984,4.7206854,0.641192543,35.12,26.53295634,25.317,2.7220379013
4/22/1984,3.323366532,0.6036161913,37.033,19.83858489,25.283,2.6511303141
4/23/1984,0.717544404,0.5904590615,37.398,17.78417046,24.845,2.7022256799
4/24/1984,2.34832824,0.5878747302,36.184,17.7398442,25.719,3.5298872156
4/25/1984,4.892348772,0.6125811929,36.798,11.3421879,25.485,1.4045912873
4/26/1984,33.96148416,0.7791643859,31.952,10.52162244,25.442,0.9762502736
4/27/1984,27.19115676,0.79239616,31.298,16.02219087,25.441,1.5035581268
4/28/1984,27.34907904,0.8205436755,32.034,19.21826529,24.54,1.8985469826
4/29/1984,28.32413004,0.8242367967,31.07,20.67474249,24.583,2.0626927861
4/30/1984,21.9726630648,0.7809423201,33.58,22.69675233,25.195,2.2358757619
4/1/1985,1.057434084,0.5246211653,34.848,14.6858022,23.03,2.0083681314
4/2/1985,0.28839096,0.5182941154,41.173,25.6182696,23.072,2.4312809488
4/3/1985,0.6763452048,0.5906864641,36.496,8.743052808,25.133,2.6178554202
4/4/1985,0.192260844,0.5049747297,37.825,27.38215728,24.2,3.6091496799
4/5/1985,0.1029969,0.5254633222,36.079,12.22919856,25.149,1.8460634888
4/6/1985,0.02059938,0.4821263931,40.015,17.70665796,24.491,1.7040151579
4/7/1985,0,0.4537994025,39.886,14.47902864,26.699,1.902660892
4/8/1985,0.1201630104,0.5141137751,40.651,7.423875648,26.186,1.9252574204
4/9/1985,0,0.4847811464,38.077,16.11140796,24.677,2.6402613785
4/10/1985,0,0.4387856481,41.126,27.29171205,25.922,2.3100709877
4/11/1985,0.90637128,0.5138068359,40.246,13.34177028,25.979,1.7786523619
4/12/1985,25.491727656,0.6026945955,36.39,8.930019888,24.863,1.8867464731
4/13/1985,7.64579862,0.6372602783,36.147,8.17205913,26.563,2.5791223368
4/14/1985,15.0238068264,0.6065653619,36.827,15.40102149,25.886,2.6111845682
4/15/1985,0,0.5110272499,37.274,16.28246214,24.3,2.7539668023
4/16/1985,0.113296392,0.5164591155,36.231,11.571246792,25.906,2.8674229305
4/17/1985,9.3280788792,0.561611117,34.111,8.96174973,26.238,1.69486055
4/18/1985,3.903579684,0.5662002223,34.012,13.597315218,24.571,2.7192923209
4/19/1985,3.9516466464,0.604995253,40.169,13.05646398,24.2,1.589545317
4/20/1985,9.43450236,0.8141308112,27.811,4.115977722,24.492,1.8023159977
4/21/1985,41.0339155464,0.8881912592,26.719,6.063975522,23.88,1.406723569
4/22/1985,14.03503776,0.8303295744,30.474,16.35676641,23.637,1.9699102418
4/23/1985,13.19389542,0.7602039757,33.506,26.92000629,23.981,2.2148992744
4/24/1985,8.565903864,0.8112532586,30.443,13.51007109,24.017,2.8764554748
4/25/1985,45.31170276,0.8511550516,29.183,11.0147679,24.481,2.4061982861
4/26/1985,72.5784444,0.8256251478,31.243,20.480967468,24.594,2.207672277
4/27/1985,26.73110916,0.831288948,30.62,20.09317995,24.827,2.302524359
4/28/1985,33.68682936,0.8505563702,29.41,13.98943134,24.44,2.0816725987
4/29/1985,31.8912552,0.8365925727,29.819,13.5021888,24.146,3.1499057847
4/30/1985,29.244225744,0.8356436512,29.224,19.22321574,24.323,1.8119720391
4/1/1986,0,0.5464778894,38.396,28.30550904,22.893,3.7166177236
4/2/1986,0,0.5202045262,36.096,18.49843224,24.177,3.2128818682
4/3/1986,0,0.5158682927,38.161,25.34591484,23.661,3.1788964054
4/4/1986,0,0.5442042102,36.885,17.079969672,26.179,3.4449934374
4/5/1986,0.030899052,0.5327416162,35.362,7.237127592,25.277,2.999869711
4/6/1986,0,0.4261223471,38.841,24.64818444,25.844,3.5675998255
4/7/1986,0,0.4005269548,40.792,23.9978808,24.739,2.7969285129
4/8/1986,2.33459478,0.5309511981,37.573,14.4867924,24.714,1.9303105747
4/9/1986,10.608671052,0.6606809059,35.76,10.44753552,25.282,1.85881185
4/10/1986,19.662093144,0.74727107,32.065,21.60056385,24.616,2.6408896413
4/11/1986,4.878619164,0.6213280235,38.998,13.54393323,24.504,1.4897057269
4/12/1986,0.92697156,0.5276977046,36.678,19.231368318,25.246,3.4770516577
4/13/1986,0,0.4856271916,36.608,20.49412815,23.109,3.4494266853
4/14/1986,1.42479252,0.5517508324,36.677,15.12292572,23.695,2.3271729548
4/15/1986,0,0.5457651321,35.158,15.16696614,24.55,3.1613633357
4/16/1986,0,0.4919853207,37.2,23.3600652,24.422,3.9883494134
4/17/1986,0,0.4715681238,38.445,24.64919181,25.35,3.044861234
4/18/1986,0,0.5567657848,34.558,12.62395935,26.372,2.8771777658
4/19/1986,0.061798104,0.5750645977,37.868,9.392344632,26.041,1.9884515304
4/20/1986,7.075878444,0.5635940303,37.293,12.58774101,25.891,1.3462652157
4/21/1986,0,0.5245062313,41.17,17.66919141,24.579,1.970332893
4/22/1986,5.44166496,0.5857064569,38,17.507925,25.213,1.910268172
4/23/1986,7.508467692,0.6507137711,36.078,17.10775818,24.375,2.7053144455
4/24/1986,0.0892638,0.5253079186,38.153,14.460191262,26.317,2.5470453032
4/25/1986,0,0.4504629816,38.225,18.306895482,27.14,2.8714021037
4/26/1986,0,0.5276445685,38.039,22.50506007,24.091,3.2822180166
4/27/1986,0,0.4951324914,35.597,12.69314685,25.234,2.5459490685
4/28/1986,0,0.4716955493,38.247,28.82277999,24.36,3.4550942572
4/29/1986,0,0.4482078459,38.871,23.6539683,25.253,3.5341820679
4/30/1986,0,0.4572341858,39.555,28.44596331,25.664,3.6383097639
4/1/1987,0,0.4775770848,39.169,19.15341336,23.983,3.1589451342
4/2/1987,0,0.465924282,41.771,18.50023512,27.02,3.1840753258
4/3/1987,0.0583648704,0.5688520408,35.185,11.38894056,24.484,2.0932215028
4/4/1987,0,0.4968389345,36.611,14.557613832,25.683,2.891242946
4/5/1987,0.429153588,0.6285463745,35.46,13.12880922,25.556,2.1986456496
4/6/1987,5.68113192,0.6450131028,35.402,12.26694348,23.124,1.7872318062
4/7/1987,1.16043084,0.6426822171,37.431,13.6816308,25.482,3.0567454931
4/8/1987,6.009865164,0.6779319164,35.38,14.98685436,23.516,2.2324436873
4/9/1987,7.685280756,0.6505084142,35.357,18.7683192,25.459,2.0954236721
4/10/1987,3.68213724,0.642483054,37.801,13.30042545,24.525,1.4089833509
4/11/1987,2.827262124,0.6336599029,32.406,15.95125827,24.896,1.8932233902
4/12/1987,1.0059355008,0.5991480562,34.701,8.00769276,24.252,1.4787675843
4/13/1987,6.26992542,0.5793670684,37.036,8.18848413,25.428,1.802811272
4/14/1987,0.0102996792,0.5372385578,34.963,15.3231714,24.21,2.4995155284
4/15/1987,0,0.4961525135,37.914,28.93016322,22.226,3.8148066663
4/16/1987,0.0617980464,0.4754864412,35.66,10.019927898,27.365,2.5421620677
4/17/1987,0,0.4568839842,37.186,18.58241412,26.702,4.1659652376
4/18/1987,0,0.5102993262,35.593,12.59341785,27.228,3.1573047001
4/19/1987,0.2935408392,0.5143512375,37.849,15.66388152,26.723,2.8650533411
4/20/1987,0.0034332264,0.5024148802,37.528,19.70617518,26.68,3.5733830895
4/21/1987,0.09269712,0.4720055877,39.155,28.58022774,26.995,3.9638070175
4/22/1987,0.0034332264,0.492503594,39.731,23.6382156,25.006,2.4407514186
4/23/1987,0,0.4844480399,35.953,8.62481394,26.782,2.8043504324
4/24/1987,0,0.5680191143,35.519,16.39338714,25.156,3.4208372919
4/25/1987,0.803375568,0.573835686,35.859,14.47627176,25.053,3.0760474705
4/26/1987,0.1167297984,0.52089645,35.525,13.68938556,27.174,2.6326605117
4/27/1987,0.118446372,0.4521617047,36.291,15.37346673,27.72,3.7300881457
4/28/1987,0,0.3763454907,39.574,23.58258813,25.6,4.2015307341
4/29/1987,0,0.4045413025,37.536,12.373420842,26.446,3.434298966
4/30/1987,0,0.499129236,38.216,23.48020701,26.247,4.1009495614
4/1/1988,0,0.5202585193,39.184,19.23361992,23.122,2.4945134516
4/2/1988,0,0.4680849832,39.01,17.1740781,26.319,2.5845945829
4/3/1988,0,0.4762126788,36.259,17.90685396,24.465,2.3853452512
4/4/1988,0,0.4504544912,39.686,23.9508018,26.258,2.4290999227
4/5/1988,1.193048028,0.5998939573,38.301,12.69224784,25.091,2.0246956375
4/6/1988,9.30061944,0.6501876192,35.477,15.91081884,25.822,2.1405859651
4/7/1988,1.70974836,0.5557100731,38.535,16.7748714,24.368,2.6360194283
4/8/1988,1.43680572,0.5644523446,37.67,13.04454528,25.373,2.4438038025
4/9/1988,1.42307334,0.5228536585,37.061,16.30636821,24.998,2.4884523728
4/10/1988,0.32443992,0.4897923016,37.325,18.74897055,25.447,3.4443847244
4/11/1988,0,0.4851783552,37.015,17.58981816,25.527,3.7773793508
4/12/1988,0,0.4571752341,38.18,25.07327325,25.781,4.6018849674
4/13/1988,0,0.4486309421,37.405,18.68810247,25.851,3.2386797621
4/14/1988,0,0.5127598168,35.627,9.50159025,27.445,2.4120938991
4/15/1988,0.19397736,0.5011568608,35.495,13.6426482,26.898,2.6883394939
4/16/1988,0.065231388,0.5147602846,36.358,16.34681052,26.419,3.1233860439
4/17/1988,0,0.5439100967,37.87,19.5126147,25.235,3.3825883708
4/18/1988,1.13468202,0.517657196,35.555,18.99748305,26.81,3.4178062182
4/19/1988,0,0.5484404899,35.534,15.91654986,25.424,3.07475075
4/20/1988,0.8359913592,0.5436992468,39.47,13.88553534,26.511,1.6195258494
4/21/1988,0.65231388,0.5321404175,38.629,12.88333161,26.371,1.6696018595
4/22/1988,1.5552523512,0.5592874053,36.271,9.840710088,26.594,2.2308015063
4/23/1988,6.01157988,0.6058618523,36.175,8.07817149,25.197,1.4805398876
4/24/1988,1.2565584,0.5464513563,38.587,14.976273168,26.325,2.7771465964
4/25/1988,0,0.4933368648,38.1,16.4337192,26.447,3.7284541129
4/26/1988,2.31571206,0.5353737848,36.5,10.47358278,27.009,1.5939291787
4/27/1988,0,0.5245399711,36.6,17.91360009,25.065,3.1992505622
4/28/1988,0,0.5189641661,36.23,12.59241327,25.994,3.0677537952
4/29/1988,2.3603456664,0.5990324817,36.505,12.03992235,25.701,1.9717006864
4/30/1988,13.171568724,0.7059731825,35.842,11.428305858,25.505,2.3016370296
4/1/1989,2.1732311664,0.5655221366,33.792,13.1425902,24.759,3.236512003
4/2/1989,15.57312408,0.710566675,32.491,24.24740616,23.621,2.1816773828
4/3/1989,0.1716615,0.598254985,35.484,15.73392024,23.693,1.8996119199
4/4/1989,0,0.5033831337,37.588,19.013344632,25.322,2.3730617551
4/5/1989,0,0.4726677637,40.216,17.95662684,24.635,2.0123528174
4/6/1989,0,0.6047273419,34.75,6.565837392,24.632,1.4039862441
4/7/1989,0.0034332264,0.45604612,39.063,26.5084884,24.801,2.4397959698
4/8/1989,1.4694211728,0.4986533457,38.844,12.372300432,26.972,1.6425677799
4/9/1989,0.13389606,0.544550483,37.092,16.1247924,23.827,2.4640799906
4/10/1989,3.2924673,0.5589067087,34.686,13.55321763,25.267,2.5950364179
4/11/1989,0.710678124,0.5776380602,34.44,15.34156668,24.059,3.1075063385
4/12/1989,0.494384544,0.5993814458,35.661,17.39688597,24.777,4.4524834138
4/13/1989,0,0.5459689671,34.812,18.19125099,25.028,3.5958564055
4/14/1989,0.7484438304,0.6152888468,33.076,11.847595842,26.756,2.4377768604
4/15/1989,0,0.5419090473,37.001,19.56656538,24.421,2.2341232646
4/16/1989,10.8352672704,0.5683648289,38.173,18.53302509,24.67,1.703483979
4/17/1989,1.3320927,0.5931255396,38.484,14.281878258,24.853,1.6683259523
4/18/1989,0.044631972,0.5154594901,38.282,18.164639952,25.003,2.0445969695
4/19/1989,0.099563616,0.4781500675,37.971,12.75079995,27.343,1.6949863947
4/20/1989,2.09770488,0.507484669,39.671,17.05201596,26.957,2.264106306
4/21/1989,3.83320008,0.5681264035,35.62,9.460068228,26.167,1.7179015704
4/22/1989,7.868961,0.6037579316,42.948,13.7320938,25.653,1.9427559766
4/23/1989,4.5730566864,0.5749263568,35.914,9.66357999,26.921,2.650872223
4/24/1989,5.489733132,0.6039179007,35.94,11.43934209,26.535,1.8472839929
4/25/1989,9.643934088,0.7812771238,29.402,4.48025391,25.329,2.2421316487
4/26/1989,7.391739564,0.680298279,32.82,17.142861978,25.604,1.7527574535
4/27/1989,1.9741058568,0.5827074158,38.86,17.40015522,25.426,1.351957162
4/28/1989,0.09613044,0.5591122732,36.559,28.74149685,25.075,2.3958245929
4/29/1989,0,0.5394232144,37.147,16.7840991,25.535,2.0810890353
4/30/1989,0,0.4839078779,37.59,27.51794586,24.107,2.3283650104
4/1/1990,0,0.5054536827,39.631,27.280071,24.439,2.476269163
4/2/1990,1.58100156,0.5865802133,35.632,16.14499344,22.757,2.0830670056
4/3/1990,0,0.4896797477,39.048,23.57735832,26.378,2.7439331539
4/4/1990,0.9716034384,0.4757696768,38.275,17.3432295,27.203,2.8252322818
4/5/1990,0,0.4214012006,37.95,14.8768308,25.175,3.3452067373
4/6/1990,0.7038113904,0.4706595357,37.493,14.94888624,24.461,2.9774453355
4/7/1990,0.1853942976,0.4840057455,33.966,11.723682168,26.944,2.4973998567
4/8/1990,0,0.4709543047,37.31,24.12691524,26.161,3.8917114641
4/9/1990,0,0.4973028265,37.095,23.6828286,25.072,3.9121942175
4/10/1990,0,0.5279937046,38.752,15.383976768,24.712,2.8811813183
4/11/1990,0.37765512,0.5787236649,37.454,11.850360282,26.021,2.1079144416
4/12/1990,0,0.5074413052,39.778,19.84128939,26.068,2.6778223255
4/13/1990,0,0.4978978179,39.163,11.04671205,27.271,2.991127234
4/14/1990,0.048065184,0.5573831641,35.323,21.88676448,25.79,3.1281444687
4/15/1990,4.43573532,0.6088446633,37.228,14.55659955,27.13,1.0299481893
4/16/1990,8.83712988,0.6274214165,35.568,12.20090598,25.512,1.4692089044
4/17/1990,0.73127736,0.5758159299,39.91,17.382262068,26.316,2.1882798608
4/18/1990,2.46849156,0.5621343333,39.073,14.7023406,26.386,2.8398911847
4/19/1990,1.311492924,0.5790842471,37.993,9.76218813,26.411,2.3711826577
4/20/1990,2.643586164,0.5681648163,37.01,16.74050778,25.986,2.2348275309
4/21/1990,0.078964272,0.5444363126,36.004,13.43441205,26.454,2.4119798751
4/22/1990,0,0.4964224096,37.281,14.53472568,27.004,3.0350420464
4/23/1990,1.19476332,0.58684553,41.691,6.555713328,27.256,1.9693562433
4/24/1990,10.787202,0.5911263358,39.017,16.62592338,25.991,2.2467442783
4/25/1990,2.550889512,0.6034377675,36.18,13.11997221,25.451,1.866139952
4/26/1990,11.621474064,0.5729733615,38.193,17.05280958,26.417,2.2887349527
4/27/1990,9.86366088,0.5907320004,36.404,12.6200268,25.379,2.8863082955
4/28/1990,0,0.481810267,38.122,23.84679069,25.634,4.2092672468
4/29/1990,0.068664528,0.5018295972,35.959,12.675264858,28.321,3.2486362339
4/30/1990,0,0.483815146,38.267,16.67981025,26.26,3.3740234323
4/1/1991,2.471925816,0.5340991949,33.141,9.388465992,24.98,2.0340140223
4/2/1991,1.0951994664,0.6247088969,31.529,8.31689604,23.504,1.8145544005
4/3/1991,0.181960812,0.5396112815,37.076,19.34623008,22.741,1.9509743051
4/4/1991,0.0068664528,0.5233544324,36.899,13.185053352,25.203,3.4598809022
4/5/1991,0.0137329056,0.4976845317,35.372,13.788675,25.99,2.8317056598
4/6/1991,7.48615032,0.6285530804,35.212,19.8964728,24.021,1.5218797493
4/7/1991,1.67884956,0.5828793943,37.739,8.89852122,25.757,2.1246563367
4/8/1991,1.270293588,0.6141123533,34.936,9.12774564,26.532,1.9588831896
4/9/1991,0.243759168,0.5092126048,40.957,25.533112968,25.237,1.3987307689
4/10/1991,0,0.4376794744,40.039,28.18242909,25.435,3.0150800839
4/11/1991,0,0.4668627258,39.751,28.35849843,23.898,2.8689303827
4/12/1991,0,0.4987246878,39.533,26.75441736,22.721,2.5897106
4/13/1991,0,0.4635139108,35.696,14.26572945,26.297,2.592252539
4/14/1991,0.3261564,0.5299751239,32.535,4.153111722,27.507,2.4018576834
4/15/1991,0,0.4366354413,39.487,28.81091925,26.308,3.6545591091
4/16/1991,1.050569712,0.5762420869,36.073,14.35955328,25.193,2.8605859227
4/17/1991,1.9981389024,0.5646730404,36.696,5.24413143,25.913,2.5013776636
4/18/1991,0,0.5384773337,34.663,12.33814923,25.602,2.1591059943
4/19/1991,0,0.4587247878,38.983,28.43488161,26.937,3.4007075697
4/20/1991,10.10055816,0.650995769,32.002,9.045283518,27.318,1.7706377492
4/21/1991,0.51498432,0.5162548247,38.516,15.00829137,26.014,2.5993026043
4/22/1991,0,0.4855376639,37.241,13.10427666,25.906,2.4641473917
4/23/1991,3.15513468,0.5703408559,34.727,13.21193808,26.862,1.6751759063
4/24/1991,2.5714893096,0.6038731943,37.723,14.12459361,24.876,1.5027107092
4/25/1991,0.044631972,0.4598784753,38.24,27.57296421,24.529,3.323123088
4/26/1991,0.339889572,0.560026116,34.694,7.009587792,27.124,2.5640003188
4/27/1991,0.552749508,0.5860248932,36.756,17.24225355,24.927,2.1723167022
4/28/1991,0,0.5483692009,38.304,21.52316034,24.619,2.2702963313
4/29/1991,0.030899052,0.5776736591,36.352,13.75335189,26.095,2.3377092397
4/30/1991,0.377655372,0.5427425763,38.62,15.51375171,25.102,2.390893103
4/1/1992,0.0034332264,0.5515292792,37.909,13.04701452,23.374,1.6611189136
4/2/1992,3.1585709304,0.5464430559,37.315,15.34921848,26.012,2.0768718973
4/3/1992,0.2609253864,0.5062294023,37.742,11.71665162,25.952,1.7647181661
4/4/1992,0,0.5415309768,37.21,12.4028406,25.216,2.3914014658
4/5/1992,0,0.5550465394,38.273,15.09946164,23.89,2.4418033022
4/6/1992,0,0.5345591162,38.596,16.20585216,24.953,2.5113556368
4/7/1992,0.07553106,0.5421055577,38.73,16.61005476,24.471,2.5074404228
4/8/1992,0,0.5107455147,39.857,26.85616632,24.126,2.4646009219
4/9/1992,0,0.5530319611,37.964,17.566313112,24.6,2.2163344419
4/10/1992,0.370788624,0.5226339396,41.29,23.63107599,23.974,2.3799525213
4/11/1992,7.08102792,0.623240928,34.567,20.033157978,26.497,1.3342719192
4/12/1992,1.726912872,0.5396282656,36.917,14.01693651,25.851,1.501991445
4/13/1992,5.072594436,0.5960667469,35.854,10.64666313,26.591,1.1277465211
4/14/1992,9.23881248,0.5853602733,37.494,14.27754114,25.412,0.8747461732
4/15/1992,0.7741930104,0.660860334,34.27,10.73913237,25.297,1.6639885035
4/16/1992,4.33959804,0.652262839,36.658,15.2173701,24.896,2.281107933
4/17/1992,12.874597632,0.6890888293,35.601,10.05598377,25.62,1.6236268708
4/18/1992,4.2881004,0.6123083774,39.044,15.99704406,24.435,1.3459597738
4/19/1992,4.9644504,0.6085426339,39.741,14.35145364,25.417,2.1245529036
4/20/1992,1.12609944,0.5464052166,37.314,13.93099074,25.371,1.9823073113
4/21/1992,0,0.5321329106,37.888,17.02417509,26.659,1.9639878094
4/22/1992,0,0.5263394339,37.972,16.4914857,26.118,2.6061631302
4/23/1992,1.5758532,0.588491026,38.247,16.648588368,27.309,1.7284239417
4/24/1992,0.12359628,0.5555407957,38.588,27.502263,25.725,3.46809389
4/25/1992,0,0.464126599,38.955,26.80521021,25.423,3.8546873517
4/26/1992,0,0.4461027411,38.211,25.75344186,24.578,3.6938486534
4/27/1992,0,0.5142092319,36.127,12.84266628,27.805,3.5729783604
4/28/1992,0.70037856,0.5808355187,35.508,18.31055679,26.762,2.9842476122
4/29/1992,3.3885936,0.5834480138,37.12,16.13092338,26.157,2.9034739005
4/30/1992,4.31899866,0.5732961674,37.461,15.21675045,27.285,2.0337441108
4/1/1993,0.3021243192,0.5081623503,38.151,15.28813548,25.617,2.4564837332
4/2/1993,0.0068664528,0.4633341475,42.172,26.56716048,24.112,2.3097370681
4/3/1993,0,0.3833014174,42.98,28.32187284,25.733,2.3431898339
4/4/1993,0,0.5264923087,36.818,14.9013036,24.621,2.4196825476
4/5/1993,0,0.4958415569,39.497,23.39870256,24.954,3.0478372732
4/6/1993,0.065231316,0.5222206414,36.534,14.454779688,26.917,2.7326255002
4/7/1993,0,0.4369616617,37.928,29.31136956,24.591,3.675142378
4/8/1993,0,0.4550191986,37.569,26.44318008,23.867,3.6374143957
4/9/1993,0,0.3959078862,37.896,10.483428672,27.283,2.4410066485
4/10/1993,0,0.4176327613,37.332,25.33994919,25.052,4.2233530922
4/11/1993,0.602531244,0.5686907554,34.222,6.351752862,26.071,2.7450738063
4/12/1993,0.030899052,0.4467887391,37.406,28.09721223,23.688,3.9647393754
4/13/1993,0,0.418266284,36.615,12.1275018,23.909,3.0562977345
4/14/1993,0,0.45207944,37.555,25.10989137,23.811,3.6991810394
4/15/1993,0.0583648704,0.4513536435,39.556,14.60626884,25.503,2.3289508815
4/16/1993,6.95400156,0.5645824182,33.909,13.6252719,26.613,1.9836955953
4/17/1993,23.15711808,0.6908089312,32.42,24.06588966,25.055,1.5019893328
4/18/1993,1.63593432,0.6340856138,38.878,10.415986398,26.239,2.0754223589
4/19/1993,5.73520932,0.7264946442,32.472,12.238653438,26.133,1.1696735044
4/20/1993,8.19168156,0.6939494149,34,24.72216282,24.629,2.4043773526
4/21/1993,2.3560525584,0.6279491746,34.778,10.045122768,26.129,2.0489195996
4/22/1993,0.676346076,0.5588896459,36.099,23.44106304,25.152,2.6442574289
4/23/1993,0.102996792,0.5684231959,34.55,23.12757738,24.7,2.5911208415
4/24/1993,0,0.5289849411,40.431,22.21419645,24.117,1.9414334457
4/25/1993,4.518125316,0.6750202582,33.309,8.987284638,25.674,1.6081697315
4/26/1993,0,0.5987579962,34.701,11.68847334,26.02,1.5430219668
4/27/1993,0,0.5227241272,38.508,14.050125882,26.801,2.0371290134
4/28/1993,0,0.499609069,40.17,24.10785027,25.832,1.9391377608
4/29/1993,0,0.4786836073,42.979,18.363884508,27.068,2.3328631483
4/30/1993,0.82397484,0.5331344068,37.879,13.40685531,26.712,1.723694685
4/1/1994,0.034332264,0.4914161402,36.698,13.98954996,25.861,1.7331503037
4/2/1994,0,0.4875558052,37.644,14.980886352,25.461,2.4658360421
4/3/1994,0,0.5201415685,34.311,12.489465888,26.218,2.3614547806
4/4/1994,0,0.4755972564,35.173,11.0422071,25.578,1.7873762191
4/5/1994,0.3707885664,0.455289515,37.972,18.11092356,24.64,2.0073023005
4/6/1994,2.042771868,0.5892493721,31.004,4.624428762,25.689,2.1100487274
4/7/1994,0.020599344,0.5433152019,36.689,8.93418246,24.746,1.7340012818
4/8/1994,5.215072608,0.602315855,36.836,7.831293552,26.621,1.724199736
4/9/1994,39.1215926664,0.8831973449,26.497,0.899606502,23.877,1.4048838902
4/10/1994,0.37593864,0.665282473,38.105,16.7059746,22.913,1.544889596
4/11/1994,0.1853943984,0.6072808713,37.213,12.43704411,25.079,1.8901090975
4/12/1994,0.243759312,0.5351083384,38.088,14.676014232,26.488,1.8425895342
4/13/1994,2.02903956,0.5611580292,34.495,14.96711241,25.599,1.7181111796
4/14/1994,0,0.4445044189,38.544,27.68243409,24.352,3.5291413948
4/15/1994,0.9836198352,0.4846746122,36.626,8.936941032,25.073,1.4570256299
4/16/1994,0.08754732,0.4939276588,40.192,16.9670826,26.823,2.0346524185
4/17/1994,1.01108556,0.5332602193,35.669,10.933990758,27.368,1.68125894
4/18/1994,2.825545788,0.5676468752,36.048,12.12468705,26.421,2.1683108633
4/19/1994,3.253842792,0.6027828769,36.421,13.64675193,25.071,1.5114720019
4/20/1994,19.3676887728,0.6736001285,36.878,16.2689616,25.35,1.0784147521
4/21/1994,0.065231388,0.5821957894,36.114,15.48449901,24.844,2.1940947723
4/22/1994,0.0652313232,0.5472478301,36.417,16.95914586,26.245,2.620670707
4/23/1994,1.88827596,0.5621748102,36.665,15.73301349,26.394,2.8198141891
4/24/1994,0.48408516,0.5635283858,37.55,23.15210076,26.511,3.2323974843
4/25/1994,8.80794612,0.6415376729,34.317,25.58109357,25.398,2.2696414016
4/26/1994,0,0.5972649622,36.835,18.50692527,24.546,2.4340373004
4/27/1994,0,0.5239380883,38.748,28.1481768,26.823,3.5283625403
4/28/1994,0,0.4992966006,36.06,14.33531475,27.412,2.8997740442
4/29/1994,0,0.5163520548,36.429,12.8457576,26.628,2.2763363442
4/30/1994,0,0.513583737,38.491,18.166847112,26.023,2.2570883108
4/1/1995,0,0.5146536126,36.922,13.979765808,27.536,1.8351176958
4/2/1995,0.3192896304,0.5449422122,35.94,14.4651969,27.268,2.8565507684
4/3/1995,0.0068664528,0.4703688134,38.442,25.2411192,25.293,3.8686122708
4/4/1995,0,0.418567001,38.86,24.025102632,27.215,3.1207392562
4/5/1995,0,0.4364785059,38.752,20.86245216,26.738,2.72052417
4/6/1995,0,0.4847498511,36.435,7.741913688,26.158,2.2944258231
4/7/1995,3.70101888,0.4548069918,38.77,18.346332168,25.836,3.0008320873
4/8/1995,0,0.4883678456,36.882,19.59349968,26.462,3.5489499179
4/9/1995,0,0.5020117854,36.356,18.6926058,24.724,2.8166631395
4/10/1995,0,0.4608158894,36.57,16.81902765,24.613,3.0269684914
4/11/1995,0,0.525602268,38.558,16.68195531,24.494,2.6765844526
4/12/1995,0.549316584,0.5401684862,37.555,14.4049518,25.343,2.5635624727
4/13/1995,10.43014644,0.6121110009,33.486,25.09604379,24.578,2.2309437329
4/14/1995,0,0.535213266,36.752,7.63334928,25,1.7359467564
4/15/1995,0,0.490820826,37.118,13.605639768,25.854,1.9675895883
4/16/1995,0,0.4749378221,37.151,16.30293966,26.624,2.5773494608
4/17/1995,0,0.5202357949,35.489,11.319750432,26.569,2.8006915935
4/18/1995,0,0.5334962515,38.014,8.02007307,26.666,2.3477630076
4/19/1995,0,0.5504902102,36.219,14.92211169,24.692,2.7120295689
4/20/1995,0.06179814,0.5340395686,35.969,11.431014642,27.197,2.9569191043
4/21/1995,0,0.5518963915,34.893,10.86732909,24.669,3.0904074596
4/22/1995,0.030899052,0.5441695883,36.891,18.6507621,26.896,2.4427758193
4/23/1995,0,0.5215552135,39.062,21.50094609,24.989,2.7053086995
4/24/1995,0,0.517969842,39.435,28.993608,24.564,3.442015959
4/25/1995,0.66089628,0.6108234532,35.777,14.62522716,25.143,2.8058320197
4/26/1995,0.072097812,0.5077693748,38.109,28.79465571,25.256,4.0881278177
4/27/1995,0.054931644,0.4822205737,38.315,20.86858593,26.142,4.0665965694
4/28/1995,0.0926971344,0.4599957276,38.489,26.42861556,27.827,4.1920547536
4/29/1995,0,0.4338646948,38.01,15.54108642,25.979,3.1452294628
4/30/1995,0.0205993728,0.4797469749,38.262,16.73972649,26.539,2.8401691693
4/1/1996,0,0.5065794155,40.542,14.26522068,24.058,2.166013636
4/2/1996,0,0.5145170473,38.657,13.62284784,23.84,1.7508243878
4/3/1996,0,0.4749024877,37.233,23.2390683,26.324,3.5473509578
4/4/1996,0,0.5020768954,37.427,27.95664384,23.714,3.1983795378
4/5/1996,0.7244112888,0.4899966422,37.843,16.517922048,26.503,2.7756008436
4/6/1996,1.2496951728,0.5419500609,36.68,9.89060472,25.814,1.4900793156
4/7/1996,8.946991548,0.6156016155,37.684,11.482929072,25.667,1.4987929071
4/8/1996,12.184519968,0.6406827692,34.198,12.640218192,25.135,1.5620575648
4/9/1996,4.8339888984,0.7105658971,30.003,6.19475562,24.257,1.8334357339
4/10/1996,6.23473992,0.6120291646,36.763,26.10500895,23.263,1.450889623
4/11/1996,1.9938471984,0.545621945,40.284,15.70416012,25.957,0.8676462652
4/12/1996,0.0068664528,0.5202892038,36.945,18.78565176,27.133,3.0173656498
4/13/1996,0,0.567559426,36.077,15.07826295,25.299,2.0757917061
4/14/1996,0,0.538246778,34.876,15.55042365,25.875,3.0159876683
4/15/1996,0,0.5422674504,37.473,17.60563566,24.94,3.0365719188
4/16/1996,0,0.4676578564,37.976,21.77843301,25.982,2.2788986247
4/17/1996,0,0.4990921503,38.352,16.70787558,24.752,2.1165358295
4/18/1996,0,0.5374963251,37.199,6.954357852,27.4,1.8064343988
4/19/1996,0,0.5419762106,38.395,10.439386632,25.926,1.8617579375
4/20/1996,2.50282296,0.5854091152,38.788,14.59091628,25.925,1.8693596117
4/21/1996,14.141461392,0.7393791183,32.457,13.069073682,25.741,1.3142901857
4/22/1996,8.4611882664,0.6841615259,38.537,12.15776034,25.532,1.8826328657
4/23/1996,3.03668928,0.63247274,39.562,23.45433885,24.034,2.3655101
4/24/1996,0.3347394552,0.6042751209,36.551,14.45011668,24.894,1.6823561544
4/25/1996,0.3742217064,0.5964220941,39.265,16.16164326,25.236,1.8250864639
4/26/1996,2.117442528,0.5975013162,38.25,16.65220212,26.156,1.3535642242
4/27/1996,0.01373292,0.5480653938,39.381,17.49774249,25.652,2.0052525997
4/28/1996,0.0068664528,0.5401380436,38.3,11.52337563,27.408,2.4352638517
4/29/1996,2.22301368,0.5978403743,35.782,10.28267199,26.893,2.4366314714
4/30/1996,0.648879804,0.5867913591,35.999,17.57233206,24.828,1.7836678428
4/1/1997,0,0.4485307061,40.237,18.64749384,24.336,2.5778966963
4/2/1997,0,0.4952320857,34.665,14.09158044,24.634,2.0315878921
4/3/1997,0.0926971344,0.5320166427,36.05,6.68672226,26.753,2.3519160633
4/4/1997,0.5578993728,0.5477244152,34.771,12.362507568,26.615,2.1701195338
4/5/1997,0,0.5027112274,38.507,28.42217424,23.978,2.5433599251
4/6/1997,0,0.5999957709,35.173,15.47043768,25.515,2.2046076313
4/7/1997,0.422287308,0.5659720774,34.814,11.673669168,26.208,2.0183465768
4/8/1997,0.0377654976,0.5510387026,40.731,12.32532936,26.036,1.8328567582
4/9/1997,0.037765512,0.56497506,35.434,13.231632168,25.735,2.5910169106
4/10/1997,1.93633812,0.5844400302,36.484,16.23695859,23.199,1.688552123
4/11/1997,0.151062228,0.5476564736,39.964,16.55954856,24.07,0.7841427364
4/12/1997,0.480651912,0.5844502579,36.028,16.80929739,25.863,2.083353873
4/13/1997,22.95885888,0.7512215727,30.965,18.2369268,24.277,1.8193389113
4/14/1997,8.632847304,0.7270207627,32.945,22.192533,23.548,2.1890806651
4/15/1997,0.700378308,0.6400698795,35.262,20.1850353,23.71,2.2882918336
4/16/1997,0.0034332264,0.5978227155,37.133,16.05345984,23.73,1.865124758
4/17/1997,0.089263908,0.6322833723,36.825,14.58196254,24.119,2.1968400848
4/18/1997,0,0.5684989498,40.031,17.5350402,23.47,1.5143382186
4/19/1997,0,0.5478307889,37.774,18.70014006,24.311,1.7323637997
4/20/1997,2.49080436,0.6038093726,33.622,7.832191032,26.044,1.4160745488
4/21/1997,0.0549316224,0.5418651167,35.61,10.766027448,25.787,1.5613328567
4/22/1997,0.569915964,0.499825715,38.223,21.80222244,26.243,2.7769170749
4/23/1997,1.5157683,0.4993693844,37.786,16.78319649,26.764,2.0915879329
4/24/1997,1.2016287864,0.5462350922,38.39,14.99298228,25.651,2.2450310619
4/25/1997,0.23002632,0.4838008984,36.165,17.9164665,24.77,2.7019170746
4/26/1997,1.134682992,0.4758907271,37.827,17.221215618,27.023,2.0717048968
4/27/1997,2.9748950424,0.603389786,34.99,17.85442419,25.067,1.9111263271
4/28/1997,0.0514984392,0.588752648,36.074,15.59829294,25.785,1.870226917
4/29/1997,0.650596176,0.5886185907,35.994,12.702935808,26.521,1.6367253593
4/30/1997,0,0.551926609,36.361,15.99862221,25.765,1.8156168013
4/1/1998,0.00686646,0.4157762669,38.796,17.887500072,26.312,3.8302224516
4/2/1998,0,0.4270857459,39.654,24.82531776,24.471,3.3075208485
4/3/1998,0,0.4537042499,37.877,24.31535688,24.379,4.3519999676
4/4/1998,0,0.3949707959,39.373,24.26765976,25.298,4.3946708719
4/5/1998,0,0.4255005236,39.355,26.816463,26,4.4132410738
4/6/1998,0,0.4071317901,40.61,23.7805308,26.624,3.1958172053
4/7/1998,0,0.4332996688,39.303,17.687530152,26.191,3.6215297029
4/8/1998,0,0.4430635042,39.136,24.219455832,27.23,3.6020553765
4/9/1998,0.0137329128,0.545078541,39.997,16.519949712,25.321,2.112933019
4/10/1998,0.9750366,0.573951938,36.887,15.48703224,27.274,2.2058606308
4/11/1998,0,0.4826408012,39.366,28.77047091,26.486,3.4895028389
4/12/1998,0,0.4968808558,39.906,24.93663525,25.662,2.3178756882
4/13/1998,0,0.4745404258,37.179,14.08190175,28.264,3.0297833063
4/14/1998,0,0.4470074469,37.776,13.046522418,27.512,2.3580302118
4/15/1998,0,0.4746787097,40.608,18.86063274,24.564,2.3251892792
4/16/1998,0,0.5196179492,41.228,24.31479276,24.556,2.5723496838
4/17/1998,0.0892638,0.5267477455,40.197,23.35033485,26.422,2.6255949197
4/18/1998,24.8805972,0.8407493538,28.389,1.200262212,24.691,1.6381292364
4/19/1998,2.0977031808,0.6285287885,37.664,11.845127718,24.178,2.2855062899
4/20/1998,0.0308990664,0.5810106124,36.639,14.98387734,25.162,1.9933035152
4/21/1998,0,0.5378272347,38.871,28.8353871,23.847,3.0137915346
4/22/1998,0,0.5373902923,40.794,24.66686214,24.885,2.5604948535
4/23/1998,0,0.5715318126,37.654,14.03544816,26.156,1.7047714514
4/24/1998,0,0.505198529,37.425,14.7279951,25.977,2.2549446018
4/25/1998,2.890777644,0.5385737478,39.823,13.45455108,27.162,2.5992167546
4/26/1998,0,0.5382875815,40.78,20.7774504,26.711,2.2210028653
4/27/1998,0,0.5147836716,39.649,24.92166645,25.935,2.832472339
4/28/1998,0,0.554943415,36.648,25.58165418,25.747,2.7208404721
4/29/1998,0,0.5384247901,37.657,19.03837194,27.288,2.523016853
4/30/1998,0,0.5336405352,39.784,15.7028571,26.822,2.520902179
4/1/1999,11.09103948,0.7101869881,36.432,14.306002632,25.569,1.3276944202
4/2/1999,13.1629896,0.7311558342,35.094,21.43641816,25.487,1.5766508382
4/3/1999,1.3423919184,0.6949488705,38.019,16.37949168,24.335,2.1227328897
4/4/1999,35.441199612,0.7781961279,31.74,20.0131335,25.56,1.0208245104
4/5/1999,4.6417200264,0.6877303281,35.003,25.73369676,24.156,2.3371297005
4/6/1999,22.34000034,0.7285523971,36.367,24.2391933,24.475,1.1119851303
4/7/1999,2.035903212,0.6839584874,36.083,23.18175324,24.616,1.6398579051
4/8/1999,0.5355834768,0.7096936923,31.689,11.9889567,25.908,1.3870757881
4/9/1999,18.518816736,0.8231189194,32.364,22.397848632,25.685,1.4282594217
4/10/1999,27.956769552,0.8647566023,30.456,27.44403381,24.685,2.3580341542
4/11/1999,17.42362308,0.8463109579,31.376,27.45129519,24.443,2.1661375089
4/12/1999,17.880247008,0.8222192404,31.495,24.97450005,25.537,1.4988501744
4/13/1999,6.9316887528,0.7644251564,34.804,22.626112482,25.532,1.7393702586
4/14/1999,39.1559796,0.8595173215,29.039,10.485786312,25.03,1.2910936261
4/15/1999,17.30346912,0.7505579787,35.456,24.33212217,24.589,1.1958765946
4/16/1999,9.5306382,0.7917319731,33.114,19.87806555,25.007,1.3442984854
4/17/1999,3.30276294,0.6942633325,36.955,21.70772253,24.192,1.3152280096
4/18/1999,7.278440436,0.7014929845,35.423,20.2469634,26.385,1.2782820775
4/19/1999,4.86488268,0.7539047854,32.597,28.2028536,25.179,1.3457901252
4/20/1999,11.7965682,0.7155916912,36.42,22.08420351,25.932,1.1628961696
4/21/1999,16.8966279,0.7517172234,34.249,23.35882824,25.495,1.0415902458
4/22/1999,24.159616056,0.8192805159,30.787,16.24904973,25.346,1.4615990184
4/23/1999,30.3463116,0.8690277925,30.21,21.99161061,24.95,2.0574346069
4/24/1999,16.6786191,0.8876959935,28.963,19.67202738,23.847,3.131167479
4/25/1999,25.5878255592,0.8586996306,30.128,25.66208646,24.029,3.0705852407
4/26/1999,23.53477032,0.8524533938,30.759,24.92302941,23.601,2.8267345417
4/27/1999,40.7009052,0.9111122845,28.625,12.78477936,24.533,2.2749531458
4/28/1999,32.124713652,0.9231447723,27.804,12.710136402,24.186,2.8760561044
4/29/1999,21.4096142664,0.9056601484,28.227,16.16923548,24.049,2.2054680912
4/30/1999,13.980103668,0.8708062305,30.037,25.1115183,23.963,1.7325129232
4/1/2000,0,0.5385294172,38.695,18.37463076,23.821,1.8183433349
4/2/2000,0,0.461497497,39.148,16.5673674,27.125,2.1326252625
4/3/2000,0.219726792,0.4665500755,38.442,13.908773592,27.468,2.1227792447
4/4/2000,6.79779216,0.5673059187,36.923,19.18957896,25.739,1.7872451872
4/5/2000,1.7354988,0.5125167057,38.987,27.79925616,24.579,2.8401062303
4/6/2000,2.20069944,0.5203446215,36.952,15.20341884,24.922,1.9806056101
4/7/2000,0.46005228,0.5312457719,42.746,28.08680976,24.471,2.551238012
4/8/2000,0.2746578528,0.5600425313,36.367,13.96760328,25.466,2.5861871736
4/9/2000,6.6424331664,0.6250726439,35.395,10.902031002,25.713,2.0084116898
4/10/2000,0.7690428,0.5756896888,36.522,20.36385135,25.156,3.7765596763
4/11/2000,3.83148108,0.5806662497,36.529,16.199439768,25.828,3.5409435601
4/12/2000,11.96479728,0.6331654019,34.733,19.55671965,24.635,3.2978790889
4/13/2000,3.88126188,0.6489434474,33.276,17.26227792,24.87,2.7443872689
4/14/2000,1.478004372,0.6289586004,35.121,17.52220836,25.462,2.7874586289
4/15/2000,16.7764644,0.7003059153,34.048,26.6845455,24.819,1.7676805542
4/16/2000,18.125725248,0.6912173863,37.06,14.56773633,24.85,1.514129007
4/17/2000,43.75991196,0.7262884024,34.232,20.111798232,25.241,1.5156238245
4/18/2000,18.16777584,0.7368019483,33.494,16.217161362,25.333,1.9813109659
4/19/2000,3.1620024,0.6188879171,38.496,14.283343368,25.431,1.8868540724
4/20/2000,32.56416612,0.7010844931,33.885,24.4497951,25.323,1.7408273462
4/21/2000,2.092551336,0.6333687794,36.04,17.21868525,25.304,2.5344422036
4/22/2000,5.07430566,0.6565862347,35.622,20.01644604,25.369,3.0366046671
4/23/2000,25.89511212,0.7158416545,34.762,23.34774789,25.059,1.7697494353
4/24/2000,15.352537356,0.7161167442,34.954,24.729078582,26.134,1.6146815545
4/25/2000,1.1913282864,0.6680919506,36.205,14.05479069,24.866,1.8856237214
4/26/2000,5.91373206,0.6398987151,36.508,21.46201731,25.245,1.676094898
4/27/2000,4.452891012,0.6383792261,37.136,14.74115481,25.833,1.3445860741
4/28/2000,13.15956744,0.6735223834,34.976,28.2054969,25.943,1.7171238898
4/29/2000,1.92174912,0.6091783666,36.754,27.33580791,26.109,2.8908320383
4/30/2000,0.1098634608,0.5527314528,38.522,20.62389726,26.048,2.3400880242
4/1/2001,10.88333208,0.7301405548,35.9,15.08653008,24.016,2.1255692786
4/2/2001,5.177307024,0.6780118614,36.092,14.194636632,24.642,2.240275493
4/3/2001,6.427003176,0.667621896,37.345,18.63365256,26.433,1.2837960935
4/4/2001,0.11844648,0.5860708262,37.273,19.63344168,25.316,2.0675023306
4/5/2001,0.2643588,0.6242472433,36.574,22.50533844,25.021,2.7541096476
4/6/2001,1.16729676,0.5769845781,37.901,17.94082176,27.054,2.8930271358
4/7/2001,0,0.5376777075,38.34,18.975708,26.162,2.4547941387
4/8/2001,0,0.4814854656,40.591,26.39919168,25.273,1.9919522286
4/9/2001,0,0.4623569239,38.715,19.25038044,28.21,2.4346096741
4/10/2001,0,0.4807882893,41.238,28.88909955,26.729,2.5108057571
4/11/2001,0,0.4389832044,40.298,28.511663418,27.917,2.8950428554
4/12/2001,0,0.4455438621,38.434,28.80883845,24.858,3.5997488478
4/13/2001,0,0.5157962351,38.772,11.30973075,25.607,2.3290689665
4/14/2001,0.875473344,0.5086272573,38.001,14.67624429,25.634,1.3878982068
4/15/2001,4.68120708,0.5322472298,38.391,16.11702594,26.135,2.5202924799
4/16/2001,0.6488802,0.5617231144,37.469,15.98338584,25.736,2.1549191922
4/17/2001,6.571194264,0.6000200569,36.891,15.32912949,26.287,2.1109414586
4/18/2001,0.0377655264,0.6144347982,36.713,9.63246951,25.854,1.5308721174
4/19/2001,2.6865016488,0.6052683681,33.7,9.07154739,27.873,2.0329966868
4/20/2001,5.75580456,0.5065983704,41.167,21.500435682,27.05,2.0898220915
4/21/2001,0.0755310096,0.5723819379,34.075,5.970715362,28.316,1.7800772537
4/22/2001,3.61347588,0.5850899174,37.761,13.74114528,27.421,1.6004250503
4/23/2001,1.667693124,0.6064118708,37.633,15.99131025,26.088,2.5888198973
4/24/2001,5.9257563192,0.6231242182,35.959,18.71601165,27.724,2.510089957
4/25/2001,2.8736101728,0.6337266853,36.286,14.81135949,25.992,2.3949321983
4/26/2001,0.2368926,0.5129452736,39.591,27.63320319,25.233,3.01743321
4/27/2001,1.4883031368,0.5864934757,35.605,14.05784169,26.535,2.6522578126
4/28/2001,5.128379136,0.6459218506,34.489,16.00745589,26.413,2.2422965471
4/29/2001,2.97145692,0.6700136317,35.72,21.21867819,25.794,2.7564625655
4/30/2001,15.358541652,0.7146625664,33.32,25.98823341,26.297,2.6064800171
4/1/2002,0,0.4218855697,38.269,28.4573205,25.693,3.5348541817
4/2/2002,0,0.4937631188,39.21,28.76467536,22.517,2.9479821225
4/3/2002,0,0.4927849347,39.685,28.75617792,23.213,2.5818369626
4/4/2002,0,0.5559078149,39.493,21.34395144,23.332,2.4802805826
4/5/2002,0,0.5406262323,38.822,25.1661357,24.17,3.0153422513
4/6/2002,0.1407623544,0.5991162412,41.914,13.68540036,23.477,1.9905322139
4/7/2002,4.408265484,0.6182580083,35.269,14.18349096,25.108,1.8205578726
4/8/2002,1.2874610376,0.5691872356,38.054,13.52328984,25.538,2.0726823058
4/9/2002,0,0.4896797936,36.64,13.3330464,25.491,1.7902732854
4/10/2002,6.135180804,0.5884909849,36.277,9.313319952,27.173,2.0824575691
4/11/2002,1.599883416,0.6327087047,35.381,6.3432009,26.508,2.0497599638
4/12/2002,0.109863,0.4491992684,37.31,16.97141349,24.855,3.7097191844
4/13/2002,0,0.4257368587,39.107,20.14082019,24.766,3.288938098
4/14/2002,0,0.449567428,37.572,16.78330845,27.803,2.825909026
4/15/2002,1.51061832,0.5456510778,38.348,16.14628566,24.887,2.2897903279
4/16/2002,8.77189284,0.6112491025,37.686,15.36282972,25.234,2.0288251039
4/17/2002,1.548384516,0.5555088679,35.839,13.12312392,26.826,2.2653544098
4/18/2002,3.5739873,0.5788706791,36.128,11.81430234,25.685,2.5778682616
4/19/2002,1.586151324,0.5179103009,36.15,15.450412032,27.416,3.2727523693
4/20/2002,0,0.4817242013,37.367,16.14037626,25.818,2.325846309
4/21/2002,4.147340112,0.5813289813,36.837,12.57631677,26.287,2.3212599162
4/22/2002,3.520774584,0.6271475078,37.807,7.5704634,27.105,2.1795517169
4/23/2002,5.66483292,0.621778985,36.148,12.963714048,26.76,2.1939639303
4/24/2002,0.199126944,0.5850048229,37.548,16.98012666,26.18,3.755035799
4/25/2002,51.1774326,0.7311868767,33.863,17.78096196,25.393,3.2463499345
4/26/2002,15.31903104,0.6723246448,33.851,19.14170535,25.328,2.5802030107
4/27/2002,0,0.4948268658,37.452,25.100776782,26.296,3.1273602398
4/28/2002,0,0.5451104262,37.88,10.62681066,27.803,3.2430905476
4/29/2002,3.186036828,0.5326449161,37.747,19.89917145,26.44,3.0442895048
4/30/2002,0,0.4823792306,38.849,23.3499429,26.69,2.8798258781
4/1/2003,16.5550212,0.694532446,33.515,24.720297768,26.267,1.891344918
4/2/2003,2.207564604,0.6472640418,38.118,14.7827754,24.963,2.085720322
4/3/2003,0.83084076,0.5881679954,39.221,15.6679326,25.003,2.3485984535
4/4/2003,0.0926971704,0.5409931034,37.502,10.484439912,27.656,1.9615599033
4/5/2003,0.6866457984,0.5700216685,40.377,6.003559872,27.635,1.6739359668
4/6/2003,0,0.5493755011,39.052,28.7678286,23.667,3.373019229
4/7/2003,0,0.4455297524,41.363,27.05056704,24.346,2.2178778954
4/8/2003,0,0.4297010172,40.41,27.53156196,25.249,2.7200363669
4/9/2003,0,0.4723624713,40.188,25.70765634,27.977,3.3791823558
4/10/2003,0,0.4723921797,40.136,22.7516553,27.411,3.3960216964
4/11/2003,0,0.4970838268,40.69,29.00379051,24.802,3.1964890414
4/12/2003,0,0.52393187,38.868,20.55295656,25.623,2.6271477531
4/13/2003,0,0.5106067987,42.129,27.60912891,23.855,2.2234806931
4/14/2003,1.6307829,0.5660375206,41.555,10.48646043,26.478,1.9331996879
4/15/2003,0.09956376,0.5317355034,38.842,26.51687181,24.444,3.6324532154
4/16/2003,0,0.4765260769,39.285,29.08153584,24.875,3.6048689422
4/17/2003,0,0.5153398102,38.114,17.39959101,24.605,2.6478694768
4/18/2003,0,0.5583481818,36.008,16.2469161,26.366,2.4725544035
4/19/2003,1.11579894,0.5363050512,37.312,17.50448925,26.96,2.7881780326
4/20/2003,0.920105136,0.54835512,37.989,12.974847912,26.048,2.0838891825
4/21/2003,0.19226052,0.5453862426,36.119,13.78889748,25.61,2.7072527938
4/22/2003,0,0.5052287999,39.297,22.91045814,26.639,3.3567882914
4/23/2003,0,0.4687757846,39.902,23.83295805,26.012,2.4921783027
4/24/2003,0,0.4962334718,36.897,21.97704384,25.837,2.8544386576
4/25/2003,0,0.4752636766,39.938,21.21513957,25.346,2.438108534
4/26/2003,0.0034332264,0.5242818286,37.763,12.6523125,27.228,2.7622847757
4/27/2003,9.592435224,0.5435513051,37.202,14.28648768,27.556,2.1281788445
4/28/2003,1.2222316656,0.5427128631,38.629,13.212055998,27.333,2.6018903358
4/29/2003,0.140762484,0.4597046063,39.922,15.69515805,27.381,2.2910427348
4/30/2003,0.99563562,0.5174592175,36.455,15.27699474,27.893,2.2288827723
4/1/2004,0,0.5604682068,39.198,15.43004712,24.312,2.4669422681
4/2/2004,0,0.5226853784,34.513,9.224436168,26.056,3.4827622176
4/3/2004,0,0.4240165186,39.22,23.39414568,24.411,3.6516738229
4/4/2004,0,0.5178368078,36.01,10.75966992,23.904,2.491041023
4/5/2004,0.271225296,0.4949311472,36.191,11.810699928,26.299,1.9695000561
4/6/2004,0,0.4849839227,38.343,25.42865904,23.25,2.5128650845
4/7/2004,0,0.5606269094,38.153,12.011796,24.006,2.1510001937
4/8/2004,0.5536081872,0.5678403638,37.323,10.79892711,26.75,2.4830002702
4/9/2004,23.78282652,0.6761402057,33.381,17.922883032,25.895,1.6642602782
4/10/2004,0,0.5771735478,38.7,15.587717472,25.775,2.811250381
4/11/2004,3.42550296,0.6401284414,34.787,10.55796228,26.815,2.190517708
4/12/2004,4.279517244,0.6343683757,38.44,14.98218426,26.02,1.7903341874
4/13/2004,1.730347416,0.5894330775,36.554,15.360695082,26.749,2.2403491616
4/14/2004,24.93213192,0.6287811047,37.883,11.23093593,24.821,1.6442275985
4/15/2004,0.504684432,0.5731535078,34.485,5.0902335,26.122,1.6315995756
4/16/2004,1.1449799712,0.497688855,39.87,12.27904029,27.477,1.8631490151
4/17/2004,0.87375672,0.5404795201,40.575,14.9740281,25.924,2.3808158136
4/18/2004,0.65403,0.5380388005,40.274,17.58374676,26.29,2.5527181798
4/19/2004,8.47835784,0.6013950254,39.699,17.34159708,26.786,1.7878799839
4/20/2004,5.81588748,0.5868241847,39.325,16.32808305,26.486,2.3580111876
4/21/2004,0,0.511097649,40.751,15.191206902,28.162,2.6521841435
4/22/2004,0.30212424,0.5548201819,38.184,14.46907194,27.692,2.8304919465
4/23/2004,0.185394384,0.5919336779,37.603,16.87774869,26.571,2.3929600922
4/24/2004,1.671981984,0.6000808036,36.159,13.82951178,26.682,2.078863934
4/25/2004,0.072097776,0.5632766946,38.638,20.64965634,25.589,2.1848526105
4/26/2004,0.39310452,0.580168187,38.232,16.08334182,25.84,2.2193043044
4/27/2004,0.4703526792,0.6160716756,36.996,5.66307378,26.137,2.5397536865
4/28/2004,5.59015056,0.5632059476,38.406,14.527521738,27.544,2.4230561519
4/29/2004,2.015306064,0.5693699105,35.269,13.98588381,25.925,2.0658537192
4/30/2004,0.520134012,0.5149512465,38.125,15.17388426,26.725,3.2044637395
4/1/2005,0.149345496,0.5633813661,37.671,14.14889532,25.482,2.1419199192
4/2/2005,0.037765512,0.4843528013,40.604,27.99495396,24.896,3.8596381177
4/3/2005,0,0.3657830592,40.312,25.462917432,28.803,3.6045496641
4/4/2005,0.223159896,0.4352439928,39.469,15.8430294,27.51,3.0558353499
4/5/2005,0.0394821,0.4757145558,38.928,24.23436048,24.582,3.1806726562
4/6/2005,0,0.5105546275,34.665,9.10946736,24.738,2.460554717
4/7/2005,0.0377655264,0.5158235913,39.105,10.81456956,27.172,2.4250660861
4/8/2005,0,0.5356363852,39.31,22.18848336,25.597,2.8455553731
4/9/2005,0,0.5155392847,38.33,16.55848215,25.908,2.6356950991
4/10/2005,0,0.4464781809,39.636,14.96407527,25.656,2.1898703549
4/11/2005,0.0034332264,0.4672402206,39.989,25.75001412,24.913,3.3191336583
4/12/2005,0.0068664528,0.4633825536,39.889,24.256128582,26.918,2.9143170363
4/13/2005,0,0.5494711124,35.031,14.96155023,25.12,2.7927140884
4/14/2005,0,0.462412714,39.442,24.334146018,24.944,3.3265416144
4/15/2005,0,0.4946068976,36.743,17.93857914,25.506,3.4347121572
4/16/2005,0,0.4273622671,38.349,23.7860964,25.329,3.526959209
4/17/2005,0,0.4929365851,38.717,14.613243282,23.734,2.5355469101
4/18/2005,0.034332264,0.5435665235,36.071,13.76639892,23.72,2.585697166
4/19/2005,0,0.5119394009,38.538,20.18081934,25.037,3.3235373983
4/20/2005,0,0.4445693779,39.929,28.48668741,24.494,3.1815647072
4/21/2005,0,0.512436708,39.434,17.91117702,25.112,2.5134598049
4/22/2005,0.442886148,0.5482915831,38.592,18.14894361,25.55,2.5847110746
4/23/2005,0.0034332264,0.5916295218,35.676,14.7967299,24.849,2.5934501795
4/24/2005,0.935554248,0.5994723882,38.015,5.90765616,26.383,1.7369709384
4/25/2005,0.240326244,0.5653457247,37.755,16.00099218,26.39,2.0429323684
4/26/2005,4.56447888,0.7147975435,33.677,14.202790182,26.565,2.7304850436
4/27/2005,3.3662799648,0.657296231,36.612,14.770123218,26.162,2.2074196926
4/28/2005,28.687190652,0.7785452832,30.372,6.144914862,26.008,1.9879717776
4/29/2005,0,0.5561288467,36.548,16.795008018,25.621,2.3136873535
4/30/2005,0,0.5123923676,39.396,28.9729179,24.269,3.3035361781
4/1/2006,5.4845778384,0.6141576174,35.627,14.5734192,25.682,1.9097367928
4/2/2006,8.74786068,0.6349279178,35.476,15.885504,26.044,1.0641505386
4/3/2006,2.3457504384,0.6300979522,34.785,12.16265652,25.164,1.8251267773
4/4/2006,0.31757364,0.5749707059,38.795,20.2431402,23.865,3.076045223
4/5/2006,1.85051124,0.5250324264,41.956,14.9313366,26.312,1.6692664736
4/6/2006,1.1655814248,0.5478462721,41.439,7.996784112,27.23,1.9841298429
4/7/2006,1.4831536248,0.5979435575,35.298,7.439237352,26.623,2.4613735165
4/8/2006,1.59473592,0.6181705308,35.731,13.85415,24.495,2.6256033258
4/9/2006,0.545883372,0.588246524,37.271,18.82603404,25.544,3.4976805783
4/10/2006,1.602458352,0.6195439914,36.591,15.60391425,25.71,2.5530583072
4/11/2006,0,0.5901667629,37.966,18.04027464,25.32,3.1334414238
4/12/2006,0,0.571282353,37.692,16.39439973,25.373,2.358022723
4/13/2006,6.7153898664,0.5710717775,39.187,14.04816165,27.537,1.5707333654
4/14/2006,0,0.5369213501,37.603,14.55558804,25.632,2.4300260431
4/15/2006,0,0.4633361802,38.205,21.664123632,27.575,3.8225905304
4/16/2006,0,0.3968086043,40.197,17.420008518,28.445,3.1312808433
4/17/2006,0,0.495031834,35.318,13.92170481,27.274,2.7754890373
4/18/2006,0.563049,0.4870921811,36.273,12.01213197,27.77,2.4624695559
4/19/2006,0.02746584,0.4924435242,38.515,16.94491362,27.205,3.8984240944
4/20/2006,0.01373292,0.399098469,39.294,28.61257869,27.923,4.0452812665
4/21/2006,0,0.5255794922,37.638,17.02985265,25.893,3.1736121559
4/22/2006,4.03575606,0.627121269,38.795,15.66826974,25.765,1.7851811121
4/23/2006,7.989978672,0.6514059597,36.996,12.9594402,26.496,1.6974496958
4/24/2006,6.41326572,0.6155931137,33.93,11.927696832,26.711,1.5992835467
4/25/2006,0,0.5696757958,36.461,14.54327469,24.107,2.2210342988
4/26/2006,0.5853656376,0.5668748732,36.11,15.4513134,27.046,2.4069086282
4/27/2006,1.762963524,0.5743698022,38.188,13.867481718,26.977,1.5062513738
4/28/2006,1.88140824,0.6120650101,37.88,18.73040337,26.602,2.1737649766
4/29/2006,18.323132904,0.7243319435,34.125,27.24322779,26.181,1.9117817639
4/30/2006,5.4708505056,0.7354154021,33.158,27.61931664,25.988,2.6013131941
4/1/2007,0.48580128,0.527697126,41.26,23.34712824,24.497,2.2145362321
4/2/2007,0.1364706,0.4743910509,39.79,17.31301992,25.957,2.3855617045
4/3/2007,0.0068664528,0.4502474073,40.547,24.53034636,25.73,2.9513078413
4/4/2007,0,0.4899309991,39.024,26.41629024,25.918,3.2549998823
4/5/2007,0.0720977904,0.4295091643,38.702,19.48978152,24.918,3.1968247471
4/6/2007,0.01373292,0.4404796396,39.47,18.24350364,25.111,3.5754431632
4/7/2007,0.324439956,0.4541933162,38.825,17.06530032,24.729,2.5974809237
4/8/2007,0.0137329128,0.4876391945,35.514,13.4987634,26.068,2.9583321515
4/9/2007,0.8171082,0.4806399283,35.845,15.07791816,26.082,2.8772571595
4/10/2007,0.405120816,0.5462037044,35.603,13.90837257,26.027,2.4481732821
4/11/2007,11.028388176,0.6677994601,36.853,9.85859163,25.773,1.8315660946
4/12/2007,0.389671344,0.5667387951,38.775,19.04777325,24.01,2.6865838471
4/13/2007,0,0.4895299063,37.091,14.93550405,27.695,3.3695174004
4/14/2007,0.1047134304,0.5149793623,35.031,10.170728298,27.836,2.4832833606
4/15/2007,1.6608233304,0.5669453161,36.334,11.31806277,26.751,1.7965679212
4/16/2007,3.66067692,0.5730557803,38.769,10.15897734,26.552,1.7199845122
4/17/2007,35.0746794,0.6129999218,39.726,18.13336362,25.465,1.7312583237
4/18/2007,12.9861859464,0.5993789047,42.219,8.417472642,27.195,1.5484233939
4/19/2007,6.9256764,0.5630626829,38.8,25.64408961,26.21,2.8000762619
4/20/2007,0,0.5243656881,38.769,16.19544816,25.125,2.8405263276
4/21/2007,1.5054687864,0.5629348285,42.366,5.969757078,28.323,2.3501581756
4/22/2007,0,0.5163369249,42.919,14.46648975,28.264,2.1605848434
4/23/2007,0.5321504232,0.6148130153,34.902,7.10758377,28.128,1.2957689345
4/24/2007,0.8205420528,0.5808543152,37.499,12.733033968,27.701,2.3507863652
4/25/2007,0,0.5659525964,38.571,16.60235409,26.585,2.8129276729
4/26/2007,0.1570698504,0.4946312132,39,11.37679425,27.417,2.8413475679
4/27/2007,1.1080744848,0.4991875174,38.215,17.75913291,27.469,2.6219960595
4/28/2007,0.6342891624,0.6361171788,31.786,8.142133482,25.767,3.2121170945
4/29/2007,3.539659932,0.5974032567,36.287,16.5233745,25.85,3.1769816943
4/30/2007,14.35775778,0.6953152674,33.925,19.08696465,25.965,3.0136449931
4/1/2008,4.363631172,0.5704651569,37.5,14.87142648,25.322,2.5440640604
4/2/2008,0.266074992,0.6117143855,35.606,21.02147136,24.604,3.3746396089
4/3/2008,0.3210066864,0.5386222839,38.065,24.59357064,24.481,3.2685830186
4/4/2008,0.0823974624,0.4904738341,36.238,13.44448224,27.085,2.7427037765
4/5/2008,5.6373552,0.6031817509,34.292,7.766608032,26.287,2.6635457721
4/6/2008,3.53622888,0.6069008618,36.317,22.38192792,24.754,4.0070139143
4/7/2008,0,0.5588201484,38.112,18.70514676,24.577,2.9155454456
4/8/2008,0.31242402,0.5554779582,37.683,10.4160411,26.971,2.6232534144
4/9/2008,0.257492052,0.5599263544,39.942,14.91845616,26.524,1.3621094601
4/10/2008,1.196480052,0.5139826749,37.446,11.705622768,27.108,2.1827082542
4/11/2008,0.0102996792,0.4490983316,39.427,27.63337068,26.228,3.0509377843
4/12/2008,0.312423948,0.5185160946,38.464,16.48738215,27.2,2.9770566625
4/13/2008,1.23081192,0.5038933963,39.316,21.511804482,27.203,2.9003754152
4/14/2008,2.895925608,0.5578711444,36.868,15.432183918,26.469,2.7024457739
4/15/2008,1.973247588,0.5672634919,38.931,7.01375706,26.065,1.7320326838
4/16/2008,0.4875182352,0.5716592183,38.105,13.16002833,25.343,2.0694978378
4/17/2008,3.8108852928,0.6544082679,39.969,9.139446558,25.759,1.5574977984
4/18/2008,3.5190608184,0.6477706017,34.827,16.14121425,25.462,1.9041694748
4/19/2008,0.3124241064,0.6176874312,37.551,14.81450922,24.996,2.2860130157
4/20/2008,5.57212932,0.634825682,36.089,10.81901547,26.695,1.9744505516
4/21/2008,1.2273805656,0.6192148469,35.506,12.65709672,26.53,2.2024007518
4/22/2008,0.221443308,0.5480999843,38.457,27.07222365,27.42,3.4446685822
4/23/2008,0,0.5025006705,38.538,19.51796196,26.878,3.7023284291
4/24/2008,0.109863252,0.5027658389,37.67,22.63010616,26.637,3.7924696683
4/25/2008,0,0.4867001013,36.877,20.57057181,26.543,3.2352539483
4/26/2008,0,0.5543755134,34.628,11.7302049,27.548,3.1792007322
4/27/2008,3.7422181584,0.566208168,37.303,14.31804789,26.388,2.0355062334
4/28/2008,10.15290936,0.6511134509,35.575,12.956003352,27.066,1.9028678536
4/29/2008,12.486645972,0.7548669041,32.292,22.33248606,25.572,2.6233630225
4/30/2008,17.5386398328,0.7679352738,35.527,14.16667329,25.656,1.8628298071
4/1/2009,1.108932372,0.5931289316,35.516,9.86400216,24.377,2.1927513771
4/2/2009,0.1441958328,0.5784202037,34.904,16.7256531,25.479,2.8780667294
4/3/2009,16.5103848,0.6467144569,36.034,15.10689204,25.689,1.9265916243
4/4/2009,1.1466972,0.60319279,38.441,15.48100944,24.555,2.6259350823
4/5/2009,11.981967984,0.6543337754,36.749,10.069364952,25.584,1.9339361782
4/6/2009,42.74540064,0.7696378002,31.254,12.92619006,24.912,1.3548942795
4/7/2009,4.485517632,0.7071634227,33.818,12.66435432,24.555,1.625421429
4/8/2009,0,0.5883697334,36.445,15.3532656,23.945,2.4588652887
4/9/2009,1.8470763864,0.5690218899,36.867,12.68639532,25.953,2.539991752
4/10/2009,1.5174864,0.5665944267,37.91,15.93832923,24.967,2.6978166397
4/11/2009,0.6832124856,0.5093095873,38.214,18.06299541,27.077,2.6210746641
4/12/2009,21.073153392,0.6599830901,35.279,23.39071641,26.613,1.2377064831
4/13/2009,15.852926484,0.7412224818,35.409,12.10123755,26.239,1.4083831766
4/14/2009,23.10905124,0.7495247282,33.403,26.51607711,26.154,1.3084915308
4/15/2009,20.32127244,0.730612244,34.628,25.763289768,26.077,1.1530786552
4/16/2009,0.906371712,0.6888997985,37.098,13.33192032,25.828,1.8577461528
4/17/2009,0.63171396,0.5961989826,38.345,24.34967118,25.673,2.8215643435
4/18/2009,5.819321232,0.6632993634,38.412,13.2409116,26.092,2.5166547709
4/19/2009,7.11020988,0.7035485352,37.157,14.02189209,26.078,2.8111230437
4/20/2009,1.26342756,0.6300825147,36.956,13.65884784,26.056,2.8392911194
4/21/2009,9.808731504,0.653321961,36.794,18.76792761,26.757,2.254680574
4/22/2009,19.55221308,0.7139400751,36.627,14.95743894,26.22,1.9978956146
4/23/2009,37.54232928,0.7041080221,35.738,23.680011618,26.232,2.2904854718
4/24/2009,27.17055864,0.7536119211,33.694,27.35358624,25.94,2.0942000018
4/25/2009,19.068141924,0.8272994824,30.93,17.52463251,25.899,1.7626504299
4/26/2009,33.75205956,0.8504730672,30.572,25.8861906,25.202,1.6943795605
4/27/2009,13.935463344,0.7994147536,32.388,21.51467721,24.374,1.6084924999
4/28/2009,5.56869204,0.7250149044,35.712,17.67531978,24.506,1.4368940136
4/29/2009,18.38493648,0.7777196606,33.445,20.16979389,24.984,1.6520116803
4/30/2009,26.0307279,0.8235479672,30.7,20.75878512,25.38,1.6626705105
4/1/2010,0.0514984104,0.6119250648,35.15,15.16404276,25.085,2.4481191442
4/2/2010,0.1682281728,0.6189043238,35.825,14.16622464,26.39,2.1703954306
4/3/2010,0,0.5528209079,38.371,27.1234656,24.873,3.9223478465
4/4/2010,0,0.567102402,36.576,16.04463696,24.704,2.7844406189
4/5/2010,0,0.5592377892,38.55,20.11010832,25.357,2.713727853
4/6/2010,0,0.5869535908,36.113,16.12316736,25.699,2.7475803499
4/7/2010,0,0.5980781381,35.672,12.24410868,24.687,2.5601806716
4/8/2010,0,0.5095440209,38.916,28.20229416,26.006,4.0420977811
4/9/2010,0,0.5688466767,36.66,21.67166016,24.911,2.315696378
4/10/2010,0,0.5333768445,38.888,21.53335041,25.269,2.5795808679
4/11/2010,0,0.5484605702,39.684,26.69708844,24.393,3.0209608544
4/12/2010,0.0102996864,0.5902819759,36.117,9.339975018,27.271,2.5739514545
4/13/2010,1.1226657384,0.5174132656,39.375,14.073414282,27.347,2.3322608476
4/14/2010,0,0.5523271339,39.25,26.73528408,25.251,3.6584610993
4/15/2010,0,0.5179669835,39.259,15.88871394,25.708,3.2086030686
4/16/2010,6.971165424,0.5840062971,35.459,19.0901826,27.761,3.9735117683
4/17/2010,0,0.5167595471,37.213,18.82518606,26.71,3.5512459492
4/18/2010,1.220512572,0.5563760247,39.975,17.39660634,26.377,2.4855995692
4/19/2010,27.77395608,0.6879881629,35.492,22.79841345,27.022,1.7402021633
4/20/2010,22.927958496,0.7072841519,35.388,15.36153876,26.123,1.2688629872
4/21/2010,2.04620472,0.5948079328,39.609,14.81208381,26.047,1.7583804571
4/22/2010,9.9374726664,0.6464867913,34.972,16.03215216,27.233,2.1397592597
4/23/2010,0,0.5905197419,36.452,13.67628489,25.922,2.6060306824
4/24/2010,0,0.4850001158,39.141,28.74509793,27.223,3.8843983778
4/25/2010,0,0.4893499389,37.646,18.80359173,26.466,3.2772759598
4/26/2010,0.0137329128,0.4713972473,39.532,23.17574043,28.131,3.8124718094
4/27/2010,0.03261564,0.5698197559,37.514,8.743270032,27.293,2.7504424921
4/28/2010,4.66404192,0.5873338019,37.129,15.69453534,26.381,1.8255704941
4/29/2010,18.942831612,0.7051241739,33.795,15.96667716,26.643,1.6424944415
4/30/2010,18.62354664,0.6989941505,35.206,21.82798395,26.24,1.931256483
4/1/2011,0.00686646,0.6210189648,37.042,25.935329661,24.13,2.0267513159
4/2/2011,9.290315772,0.7378983024,31.555,21.1591420709,24.596,2.375715489
4/3/2011,5.414203044,0.7934234159,31.14,15.4714630854,24.443,1.840870096
4/4/2011,11.345095332,0.8218638459,32.931,20.4818637787,24.13,2.226864244
4/5/2011,0.0171661464,0.6760700921,35.676,24.909836498,23.619,1.7963554766
4/6/2011,0.030899052,0.6160033801,36.738,24.0222486269,23.298,2.061845993
4/7/2011,0,0.5823016311,36.073,9.8147040861,23.985,2.0951754476
4/8/2011,0,0.5342441326,35.161,17.1409970676,23.976,2.027279552
4/9/2011,0,0.5454327321,36.386,23.9510849946,24.283,2.6005271633
4/10/2011,0.068664564,0.5603501376,34.166,17.6231215625,25.137,2.2933988071
4/11/2011,0,0.5893567214,37.588,20.7387301159,23.507,2.6242285518
4/12/2011,0.037765512,0.5955780069,33.124,15.0992049777,25.02,2.7073124669
4/13/2011,0.0017166132,0.506496293,36.228,13.9411406263,24.687,1.8254632308
4/14/2011,0,0.5022393183,37.252,26.4351814518,25.316,3.1523329376
4/15/2011,2.070234072,0.607079905,35.323,9.7263329104,27.031,3.3469119567
4/16/2011,1.617050664,0.618538689,35.586,18.301743244,25.945,2.355661747
4/17/2011,0.8445745584,0.6097366502,37.302,26.4977992069,24.42,1.8274870903
4/18/2011,1.4247892224,0.6072945397,35.481,13.2710062132,25.519,2.074314584
4/19/2011,8.89720848,0.6486555883,35.837,17.9146480174,24.915,1.8042203803
4/20/2011,14.797216692,0.8222388665,29.84,17.7567228694,24.546,2.5603834843
4/21/2011,0.0411987384,0.6938883229,33.537,26.1713637851,24.454,3.2817073172
4/22/2011,0.051498396,0.670094239,33.39,23.412457821,23.628,2.1102110031
4/23/2011,0.0995635872,0.6243686298,35.359,17.5068846058,25.518,2.666523893
4/24/2011,0,0.6074639619,36.024,13.3541924285,25.125,2.2838206757
4/25/2011,3.42121194,0.6147610794,35.579,17.7846228117,26.237,2.2723064995
4/26/2011,0,0.5890257933,36.854,23.4220449941,25.125,2.6301504929
4/27/2011,0.7038114984,0.62160242,35.289,19.0973847274,25.107,1.8240794834
4/28/2011,0.008583066,0.6417187665,36.392,18.84922601,25.175,2.7270582169
4/29/2011,10.879898652,0.697174113,33.637,26.7619502042,25.187,2.924662566
4/30/2011,0,0.6368660143,37.143,15.9456327993,25.295,2.5094575135
4/1/2012,56.002797,0.8776236397,25.866,1.0538919373,22.444,5.7077755381
4/2/2012,20.480913252,0.8816148306,29.171,16.56261636,22.976,2.3381323763
4/3/2012,21.52977336,0.8633274794,29.517,25.4187331807,24.201,3.0666997981
4/4/2012,0,0.7438774419,33.007,26.3587599229,23.532,3.1784667346
4/5/2012,0.212860044,0.712060198,33.847,27.516498485,23.005,2.2815691192
4/6/2012,0.73814346,0.6909895875,33.558,28.2816595866,23.62,2.5828460429
4/7/2012,0,0.6259398569,35.397,28.056450765,24.174,2.995053556
4/8/2012,1.9947078,0.6095047298,35.557,14.3984921601,23.911,1.991360263
4/9/2012,0.35018928,0.6029937341,35.776,14.2486926359,24.006,2.3663449166
4/10/2012,2.56805424,0.6121784151,34.526,15.2875414239,23.687,2.3201503574
4/11/2012,26.38263312,0.7280551834,32.566,27.3634888095,25.24,2.5294369374
4/12/2012,19.821731652,0.795236332,32.583,25.1000684286,24.605,2.2229288148
4/13/2012,7.511902632,0.7972332564,31.647,24.0933221135,24.303,2.534240243
4/14/2012,12.761305992,0.7925138112,32.228,26.7593844094,24.318,2.4601567613
4/15/2012,16.364482092,0.8118377016,31.31,27.3003370956,24.386,2.2213750435
4/16/2012,6.36863868,0.7877885193,31.94,27.1792162267,24.209,1.9812118856
4/17/2012,4.073522904,0.7350489826,33.629,28.0893328035,24.756,2.3683750132
4/18/2012,0.168227892,0.6695246671,34.936,20.9523501781,24.653,2.4369512848
4/19/2012,0.025749216,0.6514503118,35.133,28.5771763851,24.649,2.3770936192
4/20/2012,0.9218216304,0.6198564139,38.204,16.2008799678,25.48,1.7288421495
4/21/2012,11.0103551496,0.7070614904,32.414,26.9223027856,26.174,2.0575012446
4/22/2012,14.907076308,0.7407837538,37.303,14.513184354,25.253,1.4791235087
4/23/2012,5.69229408,0.757285306,32.745,26.3532110839,24.983,1.9326522582
4/24/2012,16.5258396,0.798376308,32.08,27.8711710357,25,1.6566859105
4/25/2012,18.08623836,0.8050831686,32.561,27.2721500039,25.4,1.9115111716
4/26/2012,9.00191916,0.8067654527,33.197,26.8878220539,24.946,2.0543987121
4/27/2012,29.04853536,0.8658423006,31.847,15.0881816305,25.361,1.5577093119
4/28/2012,17.2657037592,0.8303398293,31.466,26.9955940374,25.111,1.6881925584
4/29/2012,21.93832458,0.8582710346,30.893,26.7501866907,24.923,1.9937699845
4/30/2012,19.3462346664,0.8692680407,30.183,22.285585157,25.605,1.6279952247
4/1/2013,1.970670996,0.5973553724,36.662,13.6537293781,26.291,2.77374356
4/2/2013,6.5231339184,0.6317778079,37.788,12.2589227975,27.304,2.0628883848
4/3/2013,0.770759388,0.614163036,35.506,19.2205392018,27.692,2.6504518897
4/4/2013,26.64528408,0.7474147061,33.857,27.1054234102,26.038,2.0697657012
4/5/2013,4.5558937728,0.6863445582,35.73,27.1289200734,25.62,1.9547673763
4/6/2013,0.0171661464,0.6863459356,38.609,13.4638450026,26.139,2.325598251
4/7/2013,4.07524248,0.6968356316,35.059,25.6832190826,25.244,2.6993391259
4/8/2013,2.029037832,0.6858619098,33.8,25.9411251523,26.636,2.8091628803
4/9/2013,2.4307247088,0.6974738188,33.041,16.347940685,26.456,2.0908793612
4/10/2013,6.72569712,0.7078867959,33.919,21.5684574809,26.047,2.3790720036
4/11/2013,14.4916498008,0.7726435179,31.282,16.7687583485,25.534,1.7968002923
4/12/2013,0.35705574,0.6395435156,34.026,18.0562955546,24.451,2.4774611308
4/13/2013,1.5174866304,0.6669260476,27.954,3.9101093806,25.225,1.5723083105
4/14/2013,0.2952573984,0.6974795031,31.396,10.2913456648,24.345,2.1772107741
4/15/2013,0,0.5857947151,36.674,21.1728562915,25.013,3.2724005827
4/16/2013,0,0.5995236393,36.921,25.7745519542,25.256,2.9432661619
4/17/2013,10.0868251464,0.6514233987,34.582,27.8147387872,25.697,3.033439511
4/18/2013,3.37314294,0.682997033,34.598,15.7863029909,25.402,2.8446961351
4/19/2013,1.4797203408,0.6552122377,36.678,19.1143136036,25.297,2.7526878072
4/20/2013,0.216293184,0.5820645663,36.348,18.699900266,26.03,2.5117249744
4/21/2013,0.0446319504,0.6352810514,36.639,16.4646038952,26.098,2.8672885131
4/22/2013,9.832763844,0.6471274566,36.237,15.9072287172,25.045,2.3137904054
4/23/2013,23.20861248,0.7425739611,32.01,24.724440723,26.102,2.2352703646
4/24/2013,1.81102734,0.7071573673,34.453,27.8554786424,24.802,2.9634077354
4/25/2013,8.371923552,0.740382695,32.822,27.8304631572,25.171,2.2254366118
4/26/2013,16.294106952,0.7533895418,33.134,26.9643861349,24.697,1.4685386136
4/27/2013,16.5206935584,0.7317437673,35.935,20.6908784347,25.161,1.075356132
4/28/2013,24.660873972,0.7994953527,31.602,18.8957453342,26.315,1.3880270392
4/29/2013,10.7391368304,0.7761200372,32.756,27.815275563,24.939,2.0501467958
4/30/2013,4.13017182,0.7682186583,32.02,25.2743406089,24.731,1.6759128546
4/1/2014,3.0057918624,0.5808779974,37.001,11.6104961628,26.907,2.0678588773
4/2/2014,0.017166132,0.5421717675,39.444,20.5661606256,25.711,2.1241702977
4/3/2014,0.669479184,0.6013860368,35.575,11.5887314664,26.645,2.7363639407
4/4/2014,3.084758064,0.6419013092,34.404,23.0177354832,25.329,2.4720588608
4/5/2014,3.04527816,0.6066110309,36.215,14.117558508,26.597,2.5242663477
4/6/2014,6.8115212856,0.6823952235,36.443,17.9802596592,24.719,1.8315553808
4/7/2014,18.5325618384,0.735510393,31.716,22.279692474,25.631,2.0977884404
4/8/2014,11.0584273104,0.7655210639,32.088,18.4989997308,25.837,1.8998310058
4/9/2014,0.3742215264,0.6762148208,37.925,18.0441576252,23.832,1.8600771047
4/10/2014,14.88990492,0.7498847364,32.276,20.9855663856,24.897,1.7023262379
4/11/2014,11.2403843712,0.6850833318,35.888,26.854295922,24.375,1.7826965699
4/12/2014,13.15955682,0.6734034863,35.212,23.4443733768,25.411,1.4335536244
4/13/2014,0.8033750784,0.6764977367,35.345,17.4118943556,24.866,1.7834750298
4/14/2014,2.375794404,0.629112013,34.412,16.2878197752,25.213,1.6175747866
4/15/2014,18.173786472,0.7255638589,33.236,27.7777870272,25.461,1.4210540037
4/16/2014,1.438522344,0.6524139642,36.027,18.9748693699,24.474,1.6996783905
4/17/2014,1.445388876,0.6906678813,33.688,16.8557341104,25.092,1.663018266
4/18/2014,0.878905944,0.639563261,36.057,14.4854831556,24.998,1.9259869563
4/19/2014,0.2300265,0.5989806531,35.612,19.3583700144,26.048,2.3288159053
4/20/2014,0.04119876,0.6110246045,35.586,16.81587324,24.965,2.1617604795
4/21/2014,7.32651264,0.6403444171,36.48,14.1205698576,26.699,1.6450770359
4/22/2014,12.7389888,0.7153337796,36.189,22.1563171404,26.451,1.5465014456
4/23/2014,0.405120996,0.6001205411,37.231,20.41464591,25.322,2.0201588359
4/24/2014,0.0514984392,0.5971263357,37.176,17.9923096314,26.036,2.4836139936
4/25/2014,1.572420132,0.5794266983,37.1,16.0490796768,27.277,1.6722787986
4/26/2014,3.361129668,0.6182867477,36.604,20.0782126836,26.337,1.3119814275
4/27/2014,5.539514004,0.6230916838,36.277,15.6290161449,26.433,2.006663587
4/28/2014,18.66817188,0.7223690513,32.822,27.4157416188,26.618,1.8488301064
4/29/2014,4.9850433,0.7327066274,32.611,21.2330080786,26.49,1.7637412723
4/30/2014,6.6467248128,0.7361426604,33.63,24.6424593842,25.177,1.515557239
